Index,Customer Id,First Name,Last Name,Company,City,Country,Phone 1,Phone 2,Email,Subscription Date,Website
1,4962fdbE6Bfee6D,Pam,Sparks,Patel-Deleon,Blakemouth,British Indian Ocean Territory (Chagos Archipelago),267-243-9490x035,480-078-0535x889,nicolas00@faulkner-kramer.com,29/11/2020,https://nelson.com/
2,9b12Ae76fdBc9bE,Gina,Rocha,"Acosta, Paul and Barber",East Lynnchester,Costa Rica,027.142.0940,+1-752-593-4777x07171,yfarley@morgan.com,03/01/2021,https://pineda-rogers.biz/
3,39edFd2F60C85BC,Kristie,Greer,Ochoa PLC,West Pamela,Ecuador,+1-049-168-7497x5053,-8381,jennyhayden@petty.org,20/06/2021,https://mckinney.com/
4,Fa42AE6a9aD39cE,Arthur,Fields,Moyer-Wang,East Belinda,Afghanistan,001-653-754-7486x65787,521-630-3858x953,igrimes@ruiz-todd.org,13/02/2020,https://dominguez.biz/
5,F5702Edae925F1D,Michelle,Blevins,Shah and Sons,West Jared,Marshall Islands,8735278329,(633)283-6034x500,diamondcarter@jordan.com,20/10/2020,http://murillo-ryan.com/
6,9FBfbd34c3f30d9,Greg,Rivers,"Hendrix, Arias and Holmes",New Pedrohaven,Senegal,2382697028,822-449-7638,mannkiara@bowman.com,19/02/2020,https://www.richard.biz/
7,D31D38D576aB1Bf,Brian,Brandt,"Reed, Wiley and Oconnor",Rayville,Marshall Islands,608.531.0005x630,926-957-7052x6181,dlynn@palmer-morgan.com,31/03/2020,https://www.washington.org/
8,3C3B8bee16BcC5F,Dennis,Pacheco,Contreras-Brock,South Eugenehaven,Sri Lanka,-3253,076.454.1128,joy45@conner.org,20/03/2021,http://www.armstrong-golden.com/
9,7C1C93522Bd5e4B,Malik,Rivers,"Best, Washington and Jacobson",Mejiastad,Wallis and Futuna,001-366-285-9819x5924,852.896.9192x3681,stacydavis@spencer.com,16/01/2020,https://watson.com/
10,bABC8cBffe68792,Hayden,Riddle,Rogers-Dean,Kaitlynmouth,Cameroon,951.359.7028x94651,931.227.4541,danhouston@moon.net,18/05/2022,https://www.farley.net/
11,534a2B5FE8Aba5d,Edward,Wood,"Mckee, Schneider and Orozco",Kelseystad,Croatia,(932)069-3090x0566,037-375-9588x561,batesbill@jensen.net,22/05/2020,http://alvarez.com/
12,4baa94d4FaEbe9d,Julie,Stein,Fry Group,South Frankside,Macao,+1-918-017-3392x459,500-005-1315,sherry62@robinson.org,17/01/2020,https://carlson-johnston.com/
13,Fc2c8D2BE1AEfDb,Kristina,Andrade,Mann Ltd,Port Taraton,Pitcairn Islands,(640)067-7023x66846,001-367-405-8096x592,ivillarreal@fowler.biz,11/09/2020,https://foley.com/
14,9468BBc926AaAB3,Zoe,Hansen,Tanner PLC,Kimberlyfort,Benin,638-798-9796x0247,(265)475-2386x9812,duransheena@hughes.com,09/10/2021,https://franco-galloway.com/
15,BE96AcDDCc77da0,Joseph,Bennett,Stafford Group,Port Mathew,Peru,+1-597-363-0416x6579,900.196.1169x767,albertparsons@shea.com,29/04/2020,https://howard-boyer.net/
16,A24E162EBb6D97B,Vickie,Ferguson,Ward-Ferrell,Carlyport,Tunisia,(351)349-8170,+1-943-399-6212x1474,rita82@carey.com,16/04/2021,https://ashley-oneill.info/
17,f1a979d0Ed2dB14,Dillon,Frye,Short-Novak,Lake Kendraview,Colombia,-7473,001-253-461-6631x21150,housegreg@dillon.com,29/11/2021,http://www.young.com/
18,dCBC761B59e4EFB,Grace,Logan,Ellis-Williamson,Rochaborough,Kenya,1744624651,166-747-2389x97375,jodyeverett@potter.com,11/02/2020,https://www.knapp.net/
19,d0e6bb354BAeEEd,Sara,Dudley,Coffey Ltd,Lake Davestad,Guernsey,921.993.4487,(812)799-2828x896,beth75@noble.com,16/10/2021,https://padilla.info/
20,8Ace2d52a65faA6,Philip,Andersen,"Hays, Shea and Nguyen",Devonburgh,Morocco,001-820-882-1469x11915,(813)152-5505x275,reginaldavila@stanley.com,04/02/2020,http://patton-pineda.com/
21,479BDefDBe92D35,Meghan,Price,Pierce Group,Alvinhaven,Pitcairn Islands,596.742.1682x841,309.689.4293,debbie00@orozco.com,08/03/2020,https://downs-meyers.com/
22,A1505BF376CC5Ed,Aimee,Brooks,Walker Ltd,Mitchellview,Malaysia,112.920.9961x77753,471.896.6847x82788,chambersdanielle@good-cannon.com,28/03/2022,http://solis.org/
23,eeAAb881488E030,Sheryl,Stein,Gilmore and Sons,New Richard,Slovenia,+1-667-903-7674x078,454-844-4833,nsellers@winters.org,23/09/2021,http://black.com/
24,5b04Fa517bF3a85,Tony,Sanford,"Mcmahon, Ramirez and Bond",Joannshire,Iceland,-5538,(125)064-8330x702,zmcguire@cline.org,22/02/2022,https://mason.info/
25,dbCDD2A070edCb4,Johnny,Mcdaniel,"Prince, Cline and Horn",Ellisburgh,Bermuda,702-171-4248x7530,-7628,pbird@kirk.com,20/07/2021,https://morales-watson.org/
26,34BEBcc82bC50Dd,Dominic,Wiggins,Yoder-Aguilar,East Natashaland,Cuba,(012)400-9260,623-138-7583x327,wrussell@bradshaw-nguyen.net,17/04/2020,http://barker-padilla.net/
27,B8f38cCfdCc2C1A,Sue,Owens,Gray Ltd,Port Tammiefurt,Italy,453.616.8190,243.994.4068,ymitchell@mayer.biz,25/08/2020,http://archer.com/
28,a24eB840950dac7,Mackenzie,Leonard,Abbott Inc,Bauerfort,Ukraine,+1-010-716-9313x74577,315.423.2995,bwheeler@hickman-acevedo.com,02/05/2022,http://www.pacheco.net/
29,13D7dF9dccCea1e,Eugene,Haas,"Barker, Crawford and Larsen",Mckeeborough,Philippines,359-666-0458x53309,(927)507-8048,bholmes@wilson.com,18/03/2022,http://www.maldonado.com/
30,dD1E3AECf73C4C3,Raven,Cohen,Freeman Group,Josephbury,Egypt,957-956-5746,730.274.0823x74706,jennifermccormick@ross-bernard.net,24/01/2022,http://andersen-lyons.com/
31,8cfD28baAdDa327,Mario,Poole,Vasquez-Edwards,Lake Ashley,Bosnia and Herzegovina,812-105-7274,612-945-4439,stricklandkayla@mcknight.biz,18/03/2022,http://baxter.org/
32,A4DCa561daD6Bee,Duane,Hickman,"Burton, Mccann and Turner",Savannahland,Andorra,542-634-4243x779,142.099.8931,andersenjeanne@massey.com,25/04/2020,http://www.clay.org/
33,B0D6fcC44d9D730,Jose,Herrera,"Mcneil, Vance and Kelley",Port Ivan,Cape Verde,524-427-8783,2197092297,wburnett@delgado-padilla.net,10/03/2020,https://www.jacobson.com/
34,feE562AE4cc1C37,Rachael,Hubbard,Bautista-Howe,South Ruthbury,Bosnia and Herzegovina,-5318,001-815-901-1906x77558,tmccarthy@moon.com,03/08/2021,http://www.silva-singleton.com/
35,7Ae7E7f9c159dCA,Gabriela,Kane,Riggs LLC,Dickersonmouth,Qatar,001-422-746-5348x347,737.089.0659x36913,kristinegomez@mcgrath-shah.com,20/01/2021,https://santos.com/
36,106abC5fa1774A7,Zachary,Patterson,Yates and Sons,Dayburgh,Kazakhstan,564-329-9651x1342,402-745-7304x75007,lbooth@orr.com,31/08/2021,http://stevens.com/
37,B47F8FFD6D40392,Roberto,Fox,"Cline, Humphrey and Avery",Marvinville,Macedonia,159-771-4541,498-765-5122,andradejaime@adams-stafford.org,29/06/2020,http://gregory-wolfe.com/
38,e39fc890ABafB99,Shelby,Hayes,Rose Inc,Michealmouth,Chile,001-033-344-0042x847,432-221-0106,brenda98@cortez-stevens.org,03/07/2020,https://www.bridges.net/
39,0146c8AD7936FEc,Ralph,Dominguez,Peterson LLC,North Steven,Central African Republic,001-770-298-5003x300,(203)046-2932,orrdaisy@tyler-fritz.net,04/05/2020,https://www.garrett.info/
40,fB803B89D2A4f7f,Jason,Valentine,Mayo-Jackson,Lake Kimberly,Colombia,(957)865-6339x5615,001-559-725-8074x53225,randallwood@green.com,03/03/2020,http://rhodes.com/
41,1E4ee1ADe49ec53,Kevin,Fuentes,Bradshaw-Estes,Lake Greg,Liechtenstein,813.491.6652x7741,671.647.3080x4088,bernardgerald@oneal.com,23/06/2021,http://www.stewart-ochoa.com/
42,8e93C1867589172,Eric,Gomez,Wade-Sutton,New Sandychester,San Marino,685-620-6738,001-030-954-2572x94129,xpatton@harrington.net,07/07/2021,https://joseph.com/
43,5cc602D12ab139D,Seth,Cox,West LLC,Caseyfort,France,590.484.0681x3254,(375)359-5844x0723,herbert23@salas.com,18/10/2020,http://www.barker-galloway.org/
44,Cfaea4fa3e8aF0A,Cindy,Parsons,"Glover, Dillon and Goodwin",Cameronfort,Congo,+1-996-003-3686x157,529.216.8691,lucas25@case.info,28/10/2020,http://tyler-horn.net/
45,55dc78dC4CDF6a7,Angela,Petty,Young-Roberts,Chaneychester,Barbados,+1-482-015-6653x621,001-151-420-0723x543,gilesdonna@keller-york.com,09/02/2022,https://hicks.info/
46,c8D5fe9fAAEdAB6,Sherry,Hicks,Jefferson Inc,Brandyburgh,Niger,615-057-2657x33505,324-793-2945x37429,alejandratravis@santos-vargas.com,18/03/2021,https://gilmore-montgomery.com/
47,c87CbbB202D39C2,Caitlyn,Juarez,Jefferson Ltd,Daughertyfort,Italy,+1-265-646-5194x1959,1868644445,franklin06@bean-dalton.com,10/07/2020,http://www.oneal-ortega.com/
48,aBCD5Ab729d8B09,Pedro,Moss,Best-Bryant,East Renee,Eritrea,(052)277-2966x86364,408-905-8017x92959,sweeneymark@hopkins-hughes.com,22/09/2020,http://www.fuller-key.info/
49,A7dC4AbaecB5891,Adrian,Briggs,Mclean Ltd,Velasquezstad,Thailand,001-031-155-7067,117.858.1639x02832,garzacaroline@gross-hall.net,09/11/2020,http://waller.com/
50,5DEf38a9CeD5e0f,Pam,Archer,Pierce LLC,Jeromemouth,Brazil,581-918-8639,418.799.5365x280,chasecathy@wheeler-franco.info,06/07/2020,https://www.duncan.com/
51,74B8b3AD1b61962,Edgar,Aguirre,Christian-Odonnell,Arianaville,Cote d'Ivoire,744-320-2050x1469,7308167002,hcannon@weeks-obrien.com,28/04/2021,http://www.hess.biz/
52,fdAAd93F484bfe3,Jenna,Morgan,Sandoval Group,Sabrinamouth,Kuwait,+1-635-913-8512x549,+1-927-207-0490x3295,antonioduncan@martinez.org,05/02/2020,https://manning-abbott.com/
53,aC56D99204daEBf,Kari,Durham,Gutierrez-Novak,North Samantha,Turks and Caicos Islands,001-198-333-2232,966-958-7906x94663,ohowell@hays.org,26/09/2020,https://www.franco.com/
54,Eea8fAFDc121eDe,Jasmine,Johns,Clark-Paul,Lake Stephen,Bahrain,-3426,2084498585,bonnie23@rivas.net,26/02/2020,https://www.michael-bowen.com/
55,E60F20fbfb12da3,Jackie,Drake,"Garrett, Horne and Mason",Cathyberg,Lebanon,001-038-122-1720,+1-177-843-9417x645,leah21@roberts.biz,14/12/2021,http://www.berger.org/
56,ADb263e7078feCa,Karl,Peters,Flynn Inc,Terranceport,Hungary,(780)799-9181x22023,297.263.4781,whitneykane@camacho-cook.biz,06/06/2021,https://warren.info/
57,0Dc72BFC77375bA,Kaylee,Roberson,Lowery-Harrison,North Shari,Ecuador,986.645.0547x48086,634.019.7613,sampsonchristie@reynolds.biz,28/03/2022,http://pacheco.com/
58,4Cac6bad72E1E7e,Madeline,Heath,Jones Group,Port Anita,Niue,(792)839-8778x3804,920.613.2842x4664,stacey27@glenn.org,22/12/2021,https://www.meyers.com/
59,c947EE4C8Ee01Da,Meredith,Zuniga,"Keller, Nicholson and Huffman",Coleton,Eritrea,(642)559-5706,001-569-908-2993,mario15@berger.com,13/12/2021,https://www.jefferson.com/
60,7Dc30F5EaaC273F,Kelly,Stuart,"Mcintyre, Barrera and Garrison",Lake Ritaville,Northern Mariana Islands,(576)830-7493,126.688.6635x7823,shelby65@howe.com,26/12/2021,http://johnson.net/
61,fBBf698fcABd6c7,Taylor,Norman,"Berg, Harmon and Fitzpatrick",New Coreystad,Egypt,(192)620-7191x09298,685-150-2175,nnorton@love.com,01/05/2020,https://dodson-bernard.com/
62,63fB8BBe99a5adD,Barbara,Delgado,"Jackson, Taylor and Gomez",Jonesbury,Trinidad and Tobago,-7718,5735321415,cordovatiffany@english.com,21/01/2021,https://www.quinn.com/
63,98a9aA0BB3a3285,Herbert,Martin,Washington-Gutierrez,Nguyenton,China,(357)371-3033x8389,(893)678-9529x3837,uvazquez@porter.com,03/01/2021,https://www.humphrey.org/
64,2d3c37278AFE5Ea,Gabrielle,Montgomery,"Saunders, Vasquez and Tapia",Nancyton,Dominica,2910006275,664.702.1010,daisycooke@ross.biz,31/12/2020,http://hess.org/
65,5061F9Bfb637077,Belinda,Juarez,Pittman and Sons,Taylorburgh,Cocos (Keeling) Islands,134-599-0788x6741,806.816.9816,juanmartin@oconnell.com,02/02/2020,https://hines.com/
66,0b6bBBA89CA4C4A,Shannon,Hartman,Gregory and Sons,Manuelbury,Gibraltar,001-568-299-8231x462,410-369-6850,leaholson@galloway-washington.biz,11/12/2021,https://www.chaney.com/
67,A4F4fCebF9D7FF4,Kent,Love,Potter-Orr,Eriktown,Djibouti,001-435-941-6571x76786,867.321.5284,villanuevalydia@zhang.com,22/07/2020,https://www.murphy.info/
68,4AaABfAB31Da85a,Sandra,Cervantes,Huerta-Barr,Blackburnstad,Montenegro,9708252580,(109)222-1264x919,hansenmichelle@raymond.com,28/06/2021,https://lozano.com/
69,eEc8F6f29F3FD0B,Angel,Woodard,Austin Inc,New Theresa,Togo,001-162-030-0081x207,389-828-5186,akaufman@reynolds.com,10/07/2021,http://www.greene-krause.com/
70,FcdFEf2A202C4DB,Chase,Higgins,Key-Dorsey,North Vernon,Saudi Arabia,001-098-795-7650x471,001-080-844-5022x2089,charleneholloway@harrison-zuniga.com,24/10/2021,http://schroeder.info/
71,5fFEdFFCFdDA990,Samantha,Suarez,Chang and Sons,Houstontown,Poland,630-035-3047x708,308.797.5478,hgraham@nichols.com,24/05/2020,http://www.solomon.com/
72,17f6aAfCeD6b889,Chase,Whitaker,"Price, Lamb and Wong",Port Brendanhaven,Mauritius,001-428-387-9981x2273,+1-846-257-1216x0067,shelly82@sloan.com,06/05/2022,https://marquez-frazier.com/
73,4dcFc6e3E1DAa94,Dalton,Cherry,"Lozano, Avila and Salas",West Cristina,Fiji,-5367,293.036.9845,huffmanguy@mcknight.com,27/01/2021,http://vaughan.com/
74,2FE216B69Ebb2ee,Robin,Parker,Chen-Curtis,East Shelley,Palau,(053)851-1075x814,(415)950-4034x282,nicole43@stout-harrell.com,21/01/2022,http://smith.com/
75,Ec2baa1Ba9c0e2a,Evelyn,Barnes,Obrien-Maynard,North Robertoport,Saint Lucia,001-381-149-4906,635-364-2900x5677,xrubio@fischer.com,19/05/2020,http://www.hunter-moss.com/
76,f61c1DebcD36DC1,Adam,Velazquez,"Walter, Mcgee and Hays",Richardhaven,Estonia,001-985-762-6180x62153,282.614.9105,curtis87@keller.org,30/04/2020,https://mcguire-bates.biz/
77,4fbb95c37A66fE2,Madeline,Decker,Conway-Galloway,Pittsburgh,Sudan,(896)785-1311x141,001-617-424-1636,amayer@patrick-mullen.com,05/07/2021,https://foley.com/
78,a8B80F8b574C1Cf,Earl,Buchanan,Marsh-Bailey,Port Tonyaland,Canada,+1-839-617-7253x7703,683-450-4089x83513,pkirk@mcfarland.com,24/04/2022,http://bautista.com/
79,a7ff4191E021Cf9,Jesse,Stark,Gallegos Inc,Brennanfurt,Grenada,+1-243-768-9830x95922,9563890781,phillip13@hutchinson.com,22/02/2021,http://www.newton.info/
80,E845c05BFf24cAC,Kelli,Phelps,Flynn-Huff,New Carmen,Heard Island and McDonald Islands,(363)045-3260x2070,(817)387-6671x578,tonya69@shaw.com,12/09/2021,http://austin.net/
81,f7eCcA2e10aDddc,Gene,Torres,Dean Ltd,Port Carol,Seychelles,162-172-2017,-8129,jenkinschris@dunn.biz,15/12/2021,https://escobar-mcneil.biz/
82,b5570aaFc2E759c,Sherry,Wade,Pittman Group,North Johnny,Macao,-2239,(332)295-1861x2478,gwendolyn79@schmitt.biz,24/02/2022,https://www.garcia-hobbs.com/
83,BFa2eeA0E3F7680,Curtis,Lane,Richards Group,Johnathanville,Slovenia,174.436.4279,002-591-2996,daisy12@watkins-good.com,18/03/2020,http://cisneros.com/
84,1CDeb44D4bB3eBf,Shelly,Rivas,"Espinoza, Rhodes and Archer",Lake Howard,Iraq,1706046940,001-285-671-9781x258,xknox@copeland-stout.org,03/11/2021,http://porter.com/
85,8f5Fd5BdF7CcadC,Gloria,Norman,Ayers-Russo,North Terrence,Northern Mariana Islands,7311893077,781.470.9656x4095,sdennis@thompson.com,07/06/2021,http://cobb-cantrell.org/
86,2BfEFD7d47Ba3c6,Elijah,Black,"Bauer, Garcia and Lin",East Shirleyberg,Egypt,662-205-7706x6645,+1-896-537-0457x2800,cochrandorothy@hood.com,03/04/2021,https://anthony-little.com/
87,acbdDf7D9a9Be28,Danny,Austin,Jensen Ltd,East Theresamouth,Kiribati,954-741-5445x1763,001-972-926-6534x31630,vbender@herrera.com,15/01/2022,http://www.conley.com/
88,Ed9dBb72e87BB23,Mason,Leblanc,Dunlap-Hunt,New Teresamouth,Italy,554.913.4737,086.585.2347,uholder@middleton.net,07/02/2021,https://butler.com/
89,9c1F19b15f1d40c,Allen,Bowers,Pennington-Lucas,Port Isabelburgh,French Southern Territories,4080529828,(683)095-1351,spencerthomas@norman-mckinney.com,19/01/2021,http://www.wheeler.info/
90,BB8d98aB7FccEb2,Stacy,Mejia,Holder-Li,South Alfredport,Mali,+1-721-312-6468x8682,753.523.8715,cindy55@sosa-ward.com,24/10/2021,http://www.hale.info/
91,Eaff79142120cba,Madison,Chavez,"Salazar, Roberts and Mathews",Prestonfort,Guyana,665.033.4439x7400,+1-940-564-1661x0699,fhampton@schneider.net,14/09/2020,http://farmer-cervantes.com/
92,BaEfe72fBeddF0a,Erin,Decker,Snow-Hooper,Lake Rodneyland,Saint Martin,001-624-972-8017x602,001-525-241-9973x127,donald08@rosario-edwards.com,28/06/2020,http://www.nunez.com/
93,60dCD5AadcF83a3,Howard,Cervantes,Hurley-Sanchez,South Brittany,Anguilla,526-339-6730,(776)380-4710x28251,uwilkerson@brown.com,16/04/2021,http://lewis.com/
94,09F30bFd9aEE071,Tyler,Sherman,Hurst-Suarez,Sherylmouth,San Marino,001-002-881-1804x0168,+1-496-343-6909x370,psalas@bowman-smith.com,29/01/2022,http://www.roberson.biz/
95,e7FE9C8d9bD9979,Frederick,Torres,Callahan Inc,West Sonia,Saint Helena,272-178-7621x88012,001-514-491-0412,ryanphillips@huber-haynes.com,29/02/2020,https://randall.net/
96,8eDbF2ebaac4fe8,Andre,Bird,"Hensley, Mcbride and Hobbs",North Dan,Croatia,1843664686,185-492-2069,larsenbilly@powell.com,12/06/2021,http://www.reyes.org/
97,5102BECEA21220c,Patty,Ellis,"Oconnell, Bentley and Walls",Sarastad,Cote d'Ivoire,315.597.6744x576,014-649-7841,theresahunt@galloway.info,31/08/2020,https://michael-baird.com/
98,Cf05aBFcC957B8C,Corey,Powell,"Schultz, Macdonald and Howard",East Clinton,Bahamas,(699)156-2809x014,949.547.7143x526,virginia07@grant.com,09/12/2021,https://www.austin-moss.info/
99,F72b7ab38c75C16,Adrienne,Poole,Whitney and Sons,East Theodorefort,Jersey,080-863-6038,946.733.3645x141,sylvia97@wu-harrell.com,06/12/2021,http://www.brennan.com/
100,eCf0a05e5cBCf15,Matthew,Dodson,Mcpherson-Caldwell,Maloneshire,Mozambique,131-545-7023x4838,+1-869-725-4229x615,billmayer@david.com,10/08/2021,http://bailey.com/
101,BeD8Fa2BD04a6a7,Thomas,Hobbs,Mcknight Group,Buchananmouth,Bangladesh,267.238.1831x58702,-10599,alfredmichael@ellison-alvarez.info,27/09/2021,https://mccall-wyatt.com/
102,ADE6eDE993FBB56,Manuel,Pham,Daugherty-Johns,Foxport,Cape Verde,667-968-5313,(584)761-7055,brianaarellano@reeves-kent.com,17/04/2022,http://griffin-romero.org/
103,CeaFF5Dc23d9E5b,Hunter,Gilbert,Howell-Dyer,North Martinfurt,Chile,+1-566-533-0348x1732,+1-353-570-5323x256,jeffball@webster-valencia.org,18/01/2022,http://may.com/
104,bcfd532eB97cb37,Holly,Donaldson,"Houston, Chung and Vance",North Holly,Egypt,-2960,(075)022-6982x1922,tiffany36@yang.biz,10/04/2021,https://www.weaver-pierce.com/
105,18bB19f62C51b24,Mark,James,Cooper-Yu,Camachoberg,Mali,001-491-310-0606x1421,(799)400-5391,lpatton@stanley-garza.org,08/04/2020,https://conway.biz/
106,Db78dD1eCa7C98c,Abigail,Bates,Carter PLC,South Malloryville,Antigua and Barbuda,001-706-151-9991x061,-1674,heidirasmussen@gamble-shepard.biz,22/08/2020,https://davila.com/
107,B02b468d42Cba62,Rachael,Robinson,Webster-Hubbard,West Sherylmouth,Tokelau,001-788-459-5345x5544,053.268.0107x094,kimberly23@mcneil.biz,08/02/2020,http://www.neal-obrien.com/
108,afBAd4f98D2004a,Gene,Mathews,Benton-Chung,Lake Robyn,Romania,047-918-3502,(011)093-8864,erikgoodman@snow.biz,10/01/2022,https://www.hodges.com/
109,Ff50EfeAFDbA1CC,Christie,Whitney,Proctor-Peck,West Bridget,United States Virgin Islands,-1216,5585704891,leroy67@schroeder.org,16/09/2021,https://www.walter.info/
110,eBC276bb9ddD523,Margaret,Rogers,Bonilla-Parker,Port Caleb,Costa Rica,329-291-0334,(873)358-6340,jenny19@mcneil.com,09/07/2021,http://www.stokes-parrish.com/
111,47FdABFcb6fca4d,Maurice,Friedman,Cisneros-Gonzales,Port Candace,Brazil,(994)154-0847x94308,(495)613-9463,kerrfrederick@garrison.com,02/01/2021,http://www.ayala.com/
112,6cA3FEFC8BE3cEa,Brent,Yu,Long LLC,North Jesusstad,Iraq,315-909-7185x375,(492)332-3906x34392,sandyfuller@stokes-hunter.com,02/03/2020,https://www.daugherty-benton.com/
113,8C62C0FEdE14178,Chloe,Phillips,Rowland-Bean,Tanyamouth,India,(843)322-0062,582.256.4834,bernard34@stephenson-cantu.info,16/07/2021,http://www.russo.com/
114,39feA7c39Ab68D3,Cynthia,Avila,Berger LLC,New Gabriellaland,Palau,561.498.8527x2614,(874)953-3992,kara87@bowman.biz,22/02/2020,https://nichols-sparks.org/
115,b0CF30Ce1BF0D64,Julia,Wilkins,Dodson-Weaver,Allisonport,New Zealand,828-787-6653x062,(485)374-7739x401,candace36@blair-mayer.com,14/05/2020,https://www.pope.info/
116,FCc478A59c6Aa5e,Rodney,Powers,"Pittman, Pena and Ray",Lake Fernandoville,Malawi,408-748-5423x95499,8497660932,morrisondevon@schneider.info,13/09/2020,https://www.wang.com/
117,aCB6D3B8E0EAaaE,Johnathan,Bullock,"Beard, Cabrera and Shields",Ruthchester,Luxembourg,1171409105,(682)886-2292x297,pprice@norman-johns.com,03/12/2020,https://www.pineda-mclean.info/
118,d62cee1d4B48E78,Jay,Wagner,Stanton-Hartman,New Morganfurt,Montenegro,001-424-381-8146x360,+1-856-896-6132x573,bernardpeter@ritter.org,08/02/2022,http://www.norman.com/
119,CDaF54ea50EF2Eb,Marissa,Watts,Becker-Horne,Port Trevorbury,Oman,887.663.6261x71692,2737968500,gchen@spears-harding.org,26/04/2020,http://www.simmons.biz/
120,78180D3a5eeDADA,Ana,Reid,Chandler LLC,North Mindy,Korea,(232)421-5588x954,442.360.5043x5826,dorisbrooks@hobbs.com,13/02/2022,http://www.lamb.org/
121,eDb6B79f18AaD2d,Brendan,Aguilar,Strong Inc,West Kimberlymouth,Greenland,159-404-7118,112.751.9897,mendezantonio@maldonado-bowers.net,26/11/2021,http://www.hancock.net/
122,Cf89a8f4E2eDB52,Ralph,Haas,Bradley-Costa,Lake Chelsea,Estonia,988-378-6610,+1-838-456-1010x7826,jean37@ramirez.com,16/03/2020,http://herman.com/
123,D35FAADDd756d75,Emma,Compton,"House, Wolf and Kirk",Nealburgh,Saint Barthelemy,(818)517-3804x431,+1-528-057-7045x64999,mason38@best.com,18/02/2021,https://lowery.com/
124,bFfADA0ddCfDf7F,Frances,Christian,Spears-Chambers,Port Bridgetchester,Jamaica,+1-892-399-1823x105,001-009-293-9881,camachoabigail@gallagher.com,04/05/2020,http://www.booth-becker.net/
125,d874b1429f51BAe,Jose,Fox,Sweeney Group,Reginaldfort,Reunion,320.348.0345x43150,6635659964,nnielsen@lee-koch.org,05/03/2022,http://www.armstrong-benjamin.com/
126,fFa1b4ca1aC1A6b,Riley,Downs,Aguilar-Wilkins,Robinsonview,Ghana,967-935-8654x76947,001-636-136-9158x230,tommy90@martin-pruitt.com,24/06/2020,http://clarke.com/
127,C55ec55d4EF2D1a,Donna,Cline,Quinn-Gardner,Yvonneborough,Norway,250.528.3551x1409,251.183.2360x9801,robynbullock@cole-summers.org,26/11/2021,http://www.mcclain-cole.net/
128,0eC5fDeBa2dd7BE,Isabel,Beasley,Strickland-Mckenzie,South Bobport,Chile,(580)258-3351,108.512.9458x0349,phogan@mcconnell.net,28/10/2021,http://www.roberson.com/
129,Da1EAF431789B37,Allen,Ponce,Pollard Inc,Johnsonfort,Gambia,315-031-9756,861-214-4522x4260,latasha15@mcintosh.info,28/03/2022,https://www.castaneda.com/
130,323d8e4f898C46A,Karla,Murillo,Monroe PLC,Lowefort,Greece,+1-806-829-2971x71260,787.106.4710x987,singletoncassie@booker.com,04/12/2020,https://www.rosales.info/
131,BBD78CD375EFe3c,Marcia,Fitzgerald,"Beltran, Harris and Frank",Marciatown,Netherlands,+1-153-660-2084x6660,+1-696-869-1526x5839,bobcurtis@spencer.com,04/05/2022,http://www.pruitt.com/
132,Efa0f3d6f59AD0E,Paula,Bailey,Berry-Peters,East Julian,Tunisia,001-907-513-8637x0941,(689)574-6882,dtodd@yang-moran.com,11/05/2020,http://whitney.com/
133,aaC0Cb26A03Da37,Traci,Alvarado,"Velazquez, Strickland and Dean",Diaztown,Lesotho,(526)743-9027x1568,001-321-749-2112x546,fredbruce@hamilton.net,24/03/2020,http://www.castaneda.org/
134,Ca72d07C76c0F62,Alyssa,Richardson,"Benitez, Franklin and Lang",Staceyton,Israel,712.005.2287,891.869.1962x8906,whendricks@horn.com,26/03/2020,https://bullock.org/
135,12bf15BC2108f6F,Derrick,Franklin,"King, Mejia and Dudley",Poncestad,Zimbabwe,(201)465-7496x750,+1-386-567-3428x59917,gwendolynflynn@huber.com,30/05/2020,http://www.mcbride.biz/
136,caBc1ED9EEd6460,Mandy,Stanton,Garrett and Sons,Tinachester,Latvia,279-002-5108x740,(457)436-0542,yshah@madden.com,08/03/2022,http://stephenson-clay.com/
137,0A806CE8A4D9A51,Jill,Parker,"Palmer, Hubbard and Oneill",Lake Marthahaven,Martinique,001-203-205-4285,(351)681-1821,jacobberry@bradford.com,21/03/2021,http://peters-jackson.com/
138,351B545B96FebF6,Daryl,Stone,Meza Ltd,Castanedaton,Afghanistan,001-904-856-5057x5717,457-400-3900,tylergarza@huffman.com,28/09/2020,https://woodward.net/
139,FA74F6481aD2Aab,Connie,House,"White, Yoder and Hardy",Theresachester,British Indian Ocean Territory (Chagos Archipelago),756.785.9675x184,001-754-720-6908,miguelthomas@thompson.info,26/12/2021,http://www.peck-david.org/
140,b40Cda6cd0A4B3f,Lori,Norman,Kramer-Clements,Port Emma,Madagascar,(648)152-0665,001-728-977-0770x1061,wgillespie@ramos.com,04/05/2022,http://www.mcdaniel.net/
141,3CDa03DB449C91F,Hayden,Solis,"Melendez, Perry and Goodman",Milesmouth,Tanzania,1683628735,001-210-307-4062x64022,preston15@phillips.net,17/11/2020,https://www.avila.com/
142,ad2255b3117BC5D,Roberto,Butler,Key Inc,North Daisystad,Sierra Leone,001-712-985-6826x935,+1-022-328-7198x30933,silvateresa@west-solis.com,31/01/2021,http://holloway.com/
143,8a66cc1DBD3bAAC,Ross,Elliott,Wilkerson Group,Daisybury,Antarctica (the territory South of 60 deg S),6540021419,073.729.6219,levi78@espinoza-graves.com,27/08/2021,http://medina.com/
144,ce4fF0E5F5faA3E,Kara,Spencer,Brooks-Trujillo,Lake Chelsea,Ecuador,152-866-6597,001-135-865-2061,jefferyatkins@bautista-schaefer.info,06/09/2020,http://estes.com/
145,76EBdBf06ABb272,Shawna,Chen,"Whitaker, Ashley and Howard",West Tinaton,Bangladesh,001-088-363-1582x771,+1-217-086-7585x72443,paul00@morrison.com,28/09/2020,http://www.frazier-sosa.com/
146,6db17b17eF039e3,Jacob,Moss,"Shea, Coleman and Freeman",Lake Brucetown,Bulgaria,6172421529,579-752-6195,connieellison@rivas.com,20/05/2020,https://www.lambert.com/
147,fdFF342bc11B95c,Henry,Cooley,"Johnston, Elliott and Ray",South Coltonstad,Slovakia (Slovak Republic),947.154.7952,3740300547,katherine83@russell.org,21/05/2022,https://www.alvarez.com/
148,D5aF74Bf1918b6F,Dorothy,Bell,Camacho-Dyer,North Nicole,Saint Vincent and the Grenadines,(295)286-2261,621.963.7590x093,iadams@rangel-singleton.com,03/01/2021,http://www.duarte.net/
149,D22e18c0b704f39,Andrew,Vargas,Gallagher Inc,Port Hayley,Barbados,+1-668-595-9333x439,+1-623-401-0221x6099,ycruz@mayer.com,27/04/2021,http://www.bright.info/
150,b6cd50eD54affD5,Kurt,Hoover,Decker-Romero,Lake Lukeport,Ethiopia,001-507-357-0583,898-028-4641,brad66@griffith.net,16/11/2020,http://www.werner.com/
151,2a27FE1FFcDbBbb,Ariana,Good,Roy LLC,Hicksburgh,Japan,+1-348-451-4545x65037,304.249.4394,bgibson@mckay.biz,31/01/2020,https://www.fletcher.com/
152,E5ee28F7af24ba2,Gwendolyn,Zimmerman,Aguilar and Sons,West Alice,Lesotho,9877445990,979.240.3243,yglass@parsons.org,08/04/2020,http://baldwin.com/
153,A26a0aD8EC6df5b,Jared,Mullen,Frost-Burns,South Glenda,South Africa,001-643-495-6826x450,-1633,johnsanna@wagner-abbott.org,16/12/2020,https://www.key-orr.com/
154,D8d7bbAECf91Cac,Vicki,Carlson,"Davies, Davenport and Rowland",Fischerbury,Saint Martin,945-170-4072x832,441.990.1212,xmeza@moon.com,27/05/2022,https://www.abbott.com/
155,EA05cDD2ABeAd7C,Carrie,Olson,"Hancock, Dickerson and Riggs",South Erikbury,Latvia,442-271-8363x185,+1-611-590-3355x5272,makaylashepard@mcguire-salazar.com,24/12/2021,https://matthews.com/
156,6FacF5ECf5Abffc,Larry,Kaufman,Fletcher LLC,Port Marcialand,Finland,+1-165-050-4885x2431,1853451923,gilbert60@valencia-short.net,19/10/2021,http://www.kelly.biz/
157,e7febDda399eE8e,Joanna,Robertson,"Cherry, Kemp and Rubio",Jeffshire,Ecuador,521-152-9395x575,-2138,riverachris@wade.com,14/02/2020,http://www.mckay.org/
158,962a8235a3ECCF1,Victoria,Odom,Holmes and Sons,Reneemouth,Nicaragua,001-663-246-0890,+1-441-279-8137x187,wcurtis@brandt.com,08/03/2020,http://jacobs.net/
159,4bDdB865aBa94EF,Tricia,Hood,"Gomez, Schultz and Reyes",Thompsonville,Belgium,+1-045-516-6337x5195,262.719.6580x931,kirwin@crawford.com,03/08/2020,https://www.mayo.biz/
160,AcAfd59b9EFE4A4,Cathy,Rasmussen,"Khan, Warren and Ibarra",East Mikaylamouth,Uzbekistan,(055)265-7412x02989,612-426-5344,duransue@hicks.com,24/06/2021,http://cantu.com/
161,ae9078E57eE4d7c,Erica,Osborn,Shields-Ellison,Bassmouth,Russian Federation,792-975-1570,457-143-8001x186,jorgepetersen@chan.com,10/08/2020,http://mendez.com/
162,A4C6aDa96Be9aBD,Carrie,Henry,Mcdowell-Wood,New Harry,Sierra Leone,602-725-3019,(255)835-3328x821,comptonashley@smith.com,05/03/2021,https://fernandez.com/
163,aDdA0DC7AaA005d,Paul,Schmitt,Burgess and Sons,Lorrainefurt,Mongolia,(943)333-1288,6744488419,jounderwood@heath.com,25/05/2022,http://combs.com/
164,ABCa02aFD981aC3,Jasmine,Arroyo,Novak-Gross,Port Waynemouth,Tajikistan,487-553-7562x8730,931-757-7527,zfrost@hale.biz,21/03/2021,http://glover.org/
165,121bEDb9353Cd3C,Rachael,Page,Huang Group,Holmeshaven,Benin,927-582-3365x009,+1-726-337-1315x54880,tbenjamin@montes.com,23/07/2021,https://keller.com/
166,24CdCA0ce22Afa1,Antonio,Lester,Bush-Key,Adamshaven,Saint Pierre and Miquelon,+1-082-331-7733x111,+1-793-726-0797x000,gracestrong@sheppard-best.com,28/02/2022,http://www.lin.biz/
167,Ba79A9bf2CDE0bB,Noah,Carr,"Gates, Rubio and Carney",North Pam,British Virgin Islands,-10743,098.108.5897x8243,arogers@madden.net,31/08/2021,https://www.kim.info/
168,Ec7d3f5dc9bCdea,Jonathon,Kelley,"Nixon, Kramer and Bonilla",Lake Sabrinatown,United States of America,926.750.5580x346,001-280-098-0044x514,shelleyspencer@mcgee.net,03/02/2022,https://charles-hammond.net/
169,be573B1B610CD46,Olivia,Potts,Valenzuela and Sons,Fergusonbury,Bangladesh,+1-431-157-2662x38736,003-188-4402x8191,sabrinaacosta@casey.com,21/02/2022,https://melton-riddle.net/
170,090Ca78e549cec5,Latasha,Ferrell,"Powers, Davis and Henry",Aimeeborough,Somalia,-3888,001-883-188-6827x631,omercer@webster.biz,28/02/2020,http://booth.com/
171,0724e92eb238ede,Kirk,Blair,Walsh-Navarro,Orrshire,Indonesia,+1-392-559-3807x50618,2027585508,qwolf@sloan.com,01/06/2020,https://www.miles-clay.com/
172,4e547AD3C3FB6eE,Ricardo,Newton,Cowan LLC,North Joyce,Tuvalu,-9770,327.631.0251,paulshelly@gentry.com,30/10/2021,http://cordova-santiago.com/
173,1DF2F148197B42e,Anna,Garza,Salas LLC,Perrystad,Samoa,9720036400,810.783.6001,ystuart@webster-stephenson.com,11/07/2021,http://www.ortiz-clarke.com/
174,aEDA14ecEcdd2Ec,Diamond,Brown,Byrd Ltd,Mannborough,Nauru,067-522-6662,168-969-2342x220,jbrock@wall.info,30/10/2021,http://spence.info/
175,f34f7Def42bCB8a,Ray,Sosa,"Zamora, Cole and Skinner",Shaunton,Saint Vincent and the Grenadines,(423)892-2820x953,001-150-350-4850x79571,hgibson@barnett-taylor.net,05/07/2020,http://www.evans-pittman.com/
176,aDBb4c0d25fAECF,Renee,Tran,Huber-Gay,South Cheyenne,Bahrain,959.613.7411,001-526-120-2734x642,zkirk@brewer.com,08/01/2022,https://www.murillo.com/
177,a6E56f59A3ccA44,Jamie,Holloway,"Harrington, Sanchez and Peterson",Doylemouth,Canada,+1-779-635-3362x124,001-985-882-8220x7204,frances36@chavez-knox.com,06/12/2020,http://www.rush.com/
178,f41ABfAD3A2452d,Sherry,Owens,Williams-Thornton,Port Renee,Burkina Faso,105.667.3973,(035)832-6721,christine56@schwartz-haney.com,18/06/2020,https://www.gilmore.com/
179,D0177ec79Cfb2CC,Tommy,Brady,Miranda PLC,Port Robert,Ethiopia,001-165-509-4997x1848,+1-807-937-4710x718,franklinlam@petersen.com,09/09/2020,http://hendricks-bell.net/
180,801Fb9a77DE9Fc0,Miranda,Shaw,Miller-Estes,Adrianstad,Greece,+1-634-905-4999x56425,001-235-320-9166,perrydorsey@kline-andersen.biz,17/10/2020,http://www.braun-nixon.com/
181,Bcfb7BECA0Cede5,Ricardo,Fry,Webster Group,Tyronestad,New Caledonia,(716)981-0345x303,720-640-9433,choimercedes@burch-conner.com,06/12/2020,https://www.wyatt.com/
182,5d87F3cC8832FB8,Geoffrey,Shea,"Bright, Chaney and Schwartz",West Bobside,Pitcairn Islands,001-971-039-2933x93619,+1-715-178-8850x911,glentorres@watkins.com,29/07/2021,https://www.zamora.org/
183,0ee4513cd7ac2da,Chase,Mcneil,Zamora-Estes,Kempstad,Canada,(434)860-6668x1451,001-951-319-5257x985,gburns@charles-huber.biz,06/06/2021,http://www.anderson.com/
184,fc030f236CbAfaE,Howard,Zavala,"Valdez, Strong and Patrick",Lake Jorgefort,Saint Barthelemy,001-679-294-5993x918,(621)145-2100x7125,alisonhorton@odom-ferguson.com,07/07/2021,https://www.calhoun.info/
185,f77ab15e6d5DAbC,Rita,White,"Barker, Bailey and Good",Port Veronicashire,Comoros,(043)862-4992,2809949535,marcus39@dudley.com,02/03/2022,https://www.francis.biz/
186,F86dAB1c8EaaFDA,Norma,Hodge,"Norris, Kline and Mata",Shawnchester,Swaziland,(547)218-8601x907,654-699-8539,kbooth@wells-buckley.com,07/05/2022,http://bright.biz/
187,c7aDb2B1EAf5838,Laurie,Benson,Lawson-Zavala,West Preston,Cameroon,920-119-7284,(227)935-8612,mparks@guerra.com,27/05/2020,https://heath-heath.org/
188,d7de1D7aFF276AA,Devin,Bowen,Fuentes-Vazquez,East Glenn,Malta,001-539-753-2183,824.216.7563x580,spearskirsten@clements.com,06/09/2020,https://mcdowell-mclean.com/
189,79be034F1dCa0cb,Barry,Park,Russo Inc,Velezfort,Mozambique,+1-966-515-4664x63620,314-248-9165,fullerearl@douglas.com,06/09/2020,https://www.murphy.com/
190,Ee592bb8B3D1112,Nancy,Fitzgerald,"Cannon, Hampton and Becker",West Joy,Namibia,(740)464-7910x33560,7897501839,katrinavincent@nunez.com,01/06/2021,https://www.gill.com/
191,e6fa9Ff4a5aF1cd,Alejandra,Werner,Cortez Ltd,Port Mandybury,Portugal,001-270-920-6084x803,631.250.1955x730,alicia17@pruitt.net,10/04/2021,http://www.miles.com/
192,df60E576cDa0c9C,Kristy,Moran,"Adams, Huynh and Blackburn",North Dylan,Suriname,(423)031-5497,+1-110-187-8317x90013,mowen@ponce-farrell.org,02/10/2020,http://www.bonilla-newton.com/
193,aEbbc60CDdde5BF,Briana,Hooper,"Lewis, Sims and Mclean",Port Sean,Saint Helena,(042)444-6617,316.972.1021x049,isabella73@bauer.net,25/01/2020,https://pittman-novak.biz/
194,C30Cd2780A1C406,Dana,Long,"Spence, Carr and Patterson",North Sherylville,Marshall Islands,+1-462-042-2854x135,445.805.8438,ujarvis@branch.org,25/12/2020,http://www.frye-mcconnell.com/
195,eCb2d4af4Bd6C4c,Victor,Blankenship,Wheeler Ltd,East Aaron,Anguilla,001-609-256-4806x475,+1-388-467-5060x075,umcclure@mullins.com,17/01/2021,http://www.mccarty-dudley.net/
196,B6Ea302Ad4FdDdB,Isaac,Jimenez,"Castillo, Beard and Hicks",Lindashire,Romania,(446)523-0943,001-189-383-7075x93271,rkidd@holder.net,19/03/2022,http://www.ayers-zamora.com/
197,e6398cD0D4e30A6,Marcus,Frost,Clarke LLC,East Howardburgh,Poland,639-507-9861x49095,001-961-789-9749x5903,candicemoore@hamilton-wong.biz,29/03/2020,https://www.stevens.org/
198,6bDEa33BB5b8610,Charlene,Robertson,Flynn Inc,Danbury,Fiji,749.192.8770x42411,090.930.8769x43967,lorrainecowan@mejia-liu.net,12/02/2021,https://www.newman.com/
199,cB4deCDe71A0A4a,Tanya,Franklin,Savage-Klein,Salazarhaven,Costa Rica,001-735-041-0339x53713,+1-885-733-8010x37068,caseyvicki@walker-blackwell.net,23/07/2021,https://mclean.net/
200,EBBb084f8F2A6Ec,Gary,Mcmahon,"Lester, Bell and Mata",North Craig,Botswana,(811)010-1424x31015,(680)802-3210x8066,prestonbuchanan@booth.com,16/01/2020,http://www.oliver.com/
201,65c47bFbFe7274c,Pamela,Cuevas,"Elliott, Campbell and Lawson",Lake Cindychester,New Zealand,(506)917-0308,001-596-524-7831x9511,dominiqueestes@waller.com,24/06/2020,http://www.figueroa.com/
202,f0F203E97Bec888,Hayley,Oliver,"Pineda, Marks and Hancock",Port Alejandro,Turkmenistan,001-269-757-5369,001-101-306-6413x7523,bauercolton@barron.com,21/02/2020,https://bowers-faulkner.com/
203,78A26f622337b3d,Rebekah,Butler,Haley LLC,Hamptonside,Falkland Islands (Malvinas),(898)684-9679,017-422-7409,crystalvillarreal@mcdonald.com,13/05/2022,https://warren.info/
204,746f25fcF4de9bB,Alejandro,Morrow,Malone-Downs,South Benjaminfurt,Trinidad and Tobago,001-194-533-3283x717,+1-483-492-6847x29072,dlozano@wu.net,03/04/2021,http://www.davenport-melendez.com/
205,f5B1A0Dcf7ED7c0,Emma,Patrick,Kidd PLC,Sandyland,Grenada,7293945137,940.854.4376,connorharrison@schmidt.org,28/06/2020,http://www.hahn-walsh.biz/
206,B76A4F550346D7b,Jaime,Lara,Roth-Oneal,Randallstad,Saint Pierre and Miquelon,(859)059-8528x50801,(794)547-9058x9636,parsonsbecky@vazquez.net,21/04/2022,https://www.bernard.com/
207,fFDEbffB23CfB55,Beverly,Briggs,Walton-Morrison,Lake Maxwell,Lao People's Democratic Republic,541-964-1484x30488,001-150-549-7171,gregory05@dyer-berger.com,04/12/2020,https://alvarez-burch.net/
208,c1AdFD8AeAEDEc5,Jenna,Douglas,Benjamin LLC,North Wanda,Norway,+1-533-046-0136x06977,+1-845-681-6293x83720,robynwalker@avila.net,12/04/2021,http://wilcox-carter.biz/
209,Dee0dFFBDfFDA6d,Mckenzie,Owens,Dunlap Group,Medinabury,Monaco,9740100205,749.309.3288x1810,barkerxavier@holmes.com,02/08/2021,https://pennington.com/
210,76eB9f1FfBcf3DB,Juan,Chapman,"Soto, Curry and Wall",Harperstad,Equatorial Guinea,209.741.6110x7123,052.521.1665,marisakim@carey.com,01/11/2020,http://santiago-villarreal.net/
211,4aAAaED65fBD2c1,Alejandra,Holden,Howell Ltd,South Sherry,Central African Republic,001-355-524-4674x88763,-3618,ambertrevino@sweeney.com,15/01/2022,http://craig-wheeler.com/
212,DC95b0a23Cd3D26,Howard,Gross,Avery Inc,Briannastad,Bouvet Island (Bouvetoya),(437)156-2510,524.709.7319x08613,normantanya@ruiz.info,02/11/2020,https://maldonado.net/
213,a8f1eFcFac73FFf,Monique,Rasmussen,"Dudley, Kelley and Schmidt",Wernerview,Brunei Darussalam,+1-226-214-8068x1789,209.661.1775,virginia73@turner.com,18/04/2021,http://arnold.com/
214,26c6be265b619cF,Lindsey,Griffith,Sharp-Avery,Port Chrisborough,Kenya,(839)658-1031,4653976676,singhtaylor@martinez.net,30/04/2021,https://ford.com/
215,33bDeFcB81DdFEa,Alexandria,Banks,"Watts, Powers and Parsons",Seanton,Guadeloupe,001-100-400-7404x55357,001-078-121-1869,joepineda@davenport-reed.com,12/04/2021,https://www.lutz.com/
216,Bb6C9F26efE941A,Ashley,Carrillo,Mcgee Inc,Patrickborough,Uzbekistan,+1-848-714-2450x95187,001-280-704-8319,eddie12@rice.org,15/12/2021,http://www.mcgee.com/
217,af8F6415Ee7FBe7,Deborah,Friedman,Salinas-Hood,Flemingberg,Ireland,(744)156-6619x041,153-067-8992,lawrencetara@booker.com,15/08/2021,http://lewis-chambers.com/
218,20b3E5ce3A9aB78,Harold,Lowe,"Mccarty, Cooke and Carney",New Crystalville,Saint Kitts and Nevis,526-314-3537,059-387-5803,malik48@sherman.org,08/08/2020,https://monroe.com/
219,1F2f0a7EBb9C9C1,Bridget,Spencer,"Lawson, Delacruz and Kline",West Frederick,Martinique,001-870-960-5888,+1-862-787-5467x9121,ivanporter@bass.com,15/06/2021,https://byrd-ho.com/
220,Dd3604D536748FA,Barry,Griffith,"Fry, Higgins and Blevins",Matthewburgh,Malaysia,(649)883-4938,3509849991,natashagibson@hardin.com,29/06/2021,http://www.prince.org/
221,232d3e091F1eDaF,Reginald,Dickson,Hutchinson Group,Kayleehaven,Barbados,281.468.2995x8953,(364)530-5072,djoseph@ferrell.org,25/09/2021,http://www.mcfarland-dennis.org/
222,DA0d7DcDB0df9FD,Sue,Bass,Serrano Inc,West Kristineville,Benin,282-528-1840,+1-380-038-3077x2997,chall@frazier.com,19/09/2020,https://oneal-burton.biz/
223,32ecC0f10B8f505,Ernest,Barnes,Riley PLC,West Mckenzietown,Equatorial Guinea,001-097-873-9871,1656954263,malloryferguson@hoffman-bradshaw.info,11/02/2021,http://www.schwartz.org/
224,B4D669305Fa62Fd,Jeffery,Duffy,"Curry, Werner and Hurst",Lake Sydneyfurt,Anguilla,733-176-8925x4625,461-106-3044x390,taylortheresa@santiago.com,25/08/2020,https://www.patrick.net/
225,C937baB07ca458b,Connie,Norris,"Orr, Campbell and Barton",Sergioberg,Iran,912-927-0533x174,+1-666-315-0527x00588,christian32@ferguson.com,21/05/2020,https://miranda.com/
226,c7dA577808DdeC0,Donald,Rivers,"Byrd, Carson and Zimmerman",Brandymouth,Taiwan,248-571-4834x3083,001-699-394-7424,snyderkatherine@krause.org,12/12/2021,http://dunlap-lutz.com/
227,1545bd6eBC2E37a,Craig,Simon,"Spence, Black and Mcintosh",Port Devon,Morocco,001-166-619-0930x2518,001-837-873-5788x80121,lynchana@collier-yu.com,07/08/2021,http://edwards-porter.com/
228,4FA7b9B300F52bE,Christy,Gallagher,Lara LLC,Carsonchester,Mauritania,(339)650-6476x317,(163)039-1979,bryantangie@shannon-guerra.biz,01/07/2020,http://grant.com/
229,47d4eab0eFce38B,Linda,Gallagher,Gibson-Erickson,West Christopher,Saint Vincent and the Grenadines,001-040-647-6484x1036,001-544-964-0015x79591,susanlevy@cooper-rowe.org,20/03/2021,https://dean.com/
230,Ad101ca705a13A5,Robert,Cunningham,"Gaines, Wallace and Mcgee",Shawnafurt,Poland,273-774-0950,098-033-3974x22568,glassdavid@austin.biz,29/02/2020,http://www.solomon-whitney.com/
231,3A7DfC52B9C1671,Brandon,Sandoval,Brandt Ltd,New Dominicbury,South Georgia and the South Sandwich Islands,001-135-416-8217x201,299.632.9247,wcarroll@sanchez-roberts.com,05/02/2020,https://www.gamble-ingram.com/
232,A78890bA55c9B4a,Kylie,White,Cole-Lawson,Sylviaberg,Monaco,+1-458-962-1754x04857,837.088.1778,tomflores@yates.net,28/03/2020,http://www.harper.org/
233,eb250cFa2aCAee6,Kirsten,Nichols,Weaver LLC,New Joyce,Gambia,+1-346-845-7111x41821,001-395-172-4275,mckeeashlee@stevens-harding.com,25/03/2020,http://www.graham.org/
234,CFACc39591f2FDD,Erik,Waller,Bradford-Huang,Ellisborough,Nauru,+1-984-434-6598x501,(300)525-6775,halejanet@dodson-david.com,19/12/2021,https://www.fowler.com/
235,d7aFf2bcd93020B,Carlos,Shaffer,Dougherty and Sons,Bridgetton,United Kingdom,5429665176,669.673.2948x1142,michaeljody@miranda.com,23/06/2020,https://mason.net/
236,eddEFFBeF596A5e,Kathy,Armstrong,"Leonard, Buckley and Hunter",Biancaville,Bouvet Island (Bouvetoya),(676)287-7189x0777,+1-820-002-6961x54283,jaimeschneider@banks-weiss.net,07/10/2020,https://harper.com/
237,3b4e0DE7328E302,Randall,Wiggins,Zuniga-Keller,Andreside,Morocco,850.049.7598x493,(751)849-2258,zjackson@dickerson-gardner.com,15/08/2020,https://lang-johns.org/
238,ef4cdB1Ea7d1B38,Darren,Gomez,Santana-Cummings,Anitaburgh,Germany,340-120-2018,034-816-0512,michele15@salazar.com,26/03/2021,https://www.owen.com/
239,d160C0E4e3D71AB,Jon,Mcgrath,"Lynch, Sanford and Yates",Carlberg,Guam,+1-083-564-7265x9765,(196)734-8462,prowe@neal-dominguez.net,04/04/2022,https://figueroa.com/
240,1a5AEd5aCc47dE1,Deanna,Gray,Ryan Ltd,Port Sergioburgh,Timor-Leste,5348707566,(488)029-2115,acurtis@escobar.org,07/12/2020,https://www.joyce.info/
241,73BeBf4C5267fea,Jonathan,Bray,"Carey, Winters and Thornton",Bradyside,Dominica,102-006-1260,(295)965-5724x8715,lydiamoss@rush-mitchell.com,15/11/2020,https://www.waters.net/
242,D8c2dD8c8eAC6AE,Daryl,Hutchinson,"Levine, Glover and Huff",Samuelburgh,Greece,(494)672-8918x324,170.888.6999,harrelltricia@koch.com,18/07/2021,http://sharp.com/
243,0EaA272EAe9D6f4,Shawn,Macdonald,Estrada-Blackburn,Port Arianaton,Mali,(539)657-4998,001-045-820-2769,tricia16@crane-camacho.com,28/10/2021,https://strong-montes.com/
244,8DaFD9EbA8d6DA7,Leroy,Church,Browning PLC,East Daisy,Canada,541-847-3945,+1-708-532-5344x2287,marisa78@flowers.com,10/07/2020,http://armstrong-arellano.net/
245,4bDABBBf758dB66,Calvin,Combs,Good-Key,Blackland,Ukraine,-6918,111-171-9414,gilbert40@berry.info,14/03/2021,https://ward.com/
246,8bE12553bB6AFeB,Ronnie,Zhang,Benson Ltd,Buckhaven,United States Minor Outlying Islands,377-038-6744x106,458-065-7831x3023,gonzalesjessica@melendez.com,19/10/2021,http://www.sloan.com/
247,63F0AEBc12a558d,Sydney,Scott,Singleton PLC,South Melindaside,Svalbard & Jan Mayen Islands,8854002769,+1-305-882-4375x782,crystalvillarreal@robertson.org,15/12/2020,https://stein-mitchell.info/
248,CADfE3bD7a800E4,Cole,Kirby,"Benjamin, Hardin and Mooney",South Jane,Turks and Caicos Islands,373-871-3284,808.698.7499,aimeeroberts@powers.net,20/05/2021,https://www.morse-braun.com/
249,7FFE44Df8588c1B,Cassie,Scott,"Michael, Woodard and Nash",Fieldston,Holy See (Vatican City State),+1-331-487-0792x73474,130.069.3370x46422,iyoder@larsen-weaver.info,18/11/2020,http://hamilton-li.com/
250,FcA1BbDCf393c80,Felicia,Lozano,"Andersen, Mcintyre and Olsen",Arianaview,Ukraine,(706)562-6703,(309)825-5595x51207,ymckee@michael.org,03/11/2020,http://pruitt.com/
251,4EfC0a65759f8F5,Nicholas,Jarvis,"Austin, Roberts and Clark",Lake Daniel,Russian Federation,(740)342-6376,981.884.1393x23918,carolkelley@ford-molina.org,29/08/2020,http://patrick.com/
252,a44Bd1B92a7b1DF,Stacie,Cuevas,Craig-Morris,Daisyview,Japan,002-665-7656,(262)045-9925x64234,diazlawrence@houston.com,01/03/2021,http://horne.net/
253,A8A5aAfFADc243d,Breanna,Todd,Robbins PLC,Lake Timothy,Albania,(482)741-8393,+1-129-593-7870x7318,bobkrause@cabrera.com,18/02/2020,http://hopkins-simpson.com/
254,5Cfa101ACe48d53,Erin,English,Huber-Munoz,Barrerafort,Liechtenstein,+1-923-642-3578x310,(682)950-0406x6811,preston37@delacruz.com,23/05/2020,http://www.ward-salas.com/
255,BbCE0F76cEBaea4,Tyler,Maldonado,"Davis, Macdonald and Mclaughlin",West Jorgeton,Congo,(780)833-4111x3852,980-094-6904x337,andreaproctor@manning-torres.info,18/09/2021,http://buck-choi.com/
256,7d5bcdDEFBc697B,Brenda,Aguilar,"Mcmahon, Jenkins and Glenn",South Lauriebury,Moldova,(703)600-7212,(622)101-2613x53479,qwhitehead@grant-chung.com,14/03/2021,http://daniels.com/
257,f5CFceCB948CE86,Mitchell,Hatfield,Pitts-Townsend,Port Cheyenne,Falkland Islands (Malvinas),001-683-871-6595x020,(931)102-8354,ehowell@roach.net,04/03/2021,http://www.howard.com/
258,fBB9A98Cf827A85,Briana,Higgins,"Atkinson, Blevins and Goodwin",North Tara,Yemen,001-768-329-3227x2135,+1-826-940-0271x4632,abigail07@crosby.com,12/10/2020,https://www.calhoun-ruiz.com/
259,04E6fbcBEdcC185,Sydney,Nixon,"Bruce, Daugherty and Robles",Carrillobury,Cocos (Keeling) Islands,(436)621-1858x8197,+1-252-818-8635x636,briana71@boyd.info,13/03/2021,https://marshall-clark.com/
260,5AC7b09afB753b2,Lindsay,Conway,"Peck, Mccullough and Willis",Shawnatown,Falkland Islands (Malvinas),513-662-3458,(479)244-8976x24529,whitneyrogers@robbins-dennis.net,26/09/2021,https://hess.info/
261,9022795BeAbCf4D,Jeffery,Petty,Harper LLC,Port Maxwellmouth,Chile,-7614,188-583-3159,mariobishop@pitts-cohen.com,06/02/2022,https://cantu-adkins.com/
262,ea5c20803EbB90B,Jeanette,Burns,Martinez LLC,South Shawn,Montserrat,001-923-456-2358,754.096.3723x3475,nicolasmckay@cain.com,19/08/2021,https://www.kirk.com/
263,aFA106A2bBEe0a2,Brittney,Gregory,"Kent, Gross and Yoder",East Kylemouth,Ghana,001-460-003-3071x74818,(132)948-7510,rasmussenmeredith@prince-peterson.com,05/01/2021,https://brennan.com/
264,a23BE49DCF0bea4,Nicholas,Bonilla,Bailey LLC,Port Katrinahaven,Cuba,205-429-3191,215.013.8782x37449,yjuarez@gallegos-richards.biz,12/06/2021,https://strong-black.biz/
265,E640628245B30FF,Chelsey,Orozco,"Watkins, Phelps and George",Pamelaside,India,002.086.5444,978.131.9721,roliver@fowler.com,07/04/2021,https://campbell.com/
266,1a1AFFf94dF7a2e,Kelli,Barron,White-Mcneil,Karentown,Haiti,+1-081-686-2540x9605,-8768,guy50@gordon.com,18/04/2020,https://www.ortiz.com/
267,5E5b92a138669aA,Beth,Kim,Hess Ltd,Ortizmouth,Turkmenistan,671.705.0816,001-721-794-1168x227,angelicaroach@farmer-weber.biz,14/01/2021,http://www.silva.com/
268,08B85cCba2CEF9b,Kayla,Fisher,Mcmillan Inc,West Ernestshire,Guyana,001-838-297-7619x8688,-10796,mathewdelgado@frazier-perkins.com,02/01/2022,http://luna.com/
269,0de40AA9baC01F4,Savannah,Meadows,Fernandez Group,Tatefort,Bouvet Island (Bouvetoya),(807)503-5747x189,(977)502-2966x064,jasminpeters@english.com,13/12/2021,https://knapp.biz/
270,E45165eF9B1FDfc,Howard,Ewing,"Moody, Glenn and Mckay",Mcdonaldside,United States Virgin Islands,042.948.9944,+1-403-819-1901x28142,betty22@oliver-combs.biz,22/10/2020,http://www.montgomery.com/
271,FDD3d1E84eb0dB8,Colleen,Weiss,Leblanc Inc,Jacobsonberg,Nauru,651-276-1421,001-382-980-4480x17345,mccoybruce@murray.org,17/12/2020,https://www.walls-fletcher.biz/
272,0afEEBc7EbBba5A,Hailey,Flores,"Peterson, Lewis and Maldonado",Glenberg,Peru,519-526-3093,(037)709-6195x940,seth31@ortega.com,02/07/2020,http://vance.com/
273,0C28B7000dE7F9b,Dale,Day,Powers LLC,Terryton,Saint Martin,001-905-106-8492x24844,(368)828-6273x74514,gutierreznicole@middleton.com,12/06/2021,https://www.delgado.com/
274,f96bb675Edfe681,Joanna,Parrish,Lambert PLC,Lake Timothyport,Liechtenstein,+1-698-702-0763x0878,6025094660,roblesglenn@davies.com,30/06/2021,http://www.jones-burke.biz/
275,7f44EBEAF8B6f19,Kristin,Thompson,"Vaughan, Houston and Goodman",Port Christina,Paraguay,917-558-7098x581,580-215-4480x991,norman96@olsen.net,22/11/2020,https://www.wolfe.info/
276,11ACDb6e15d68E8,Miranda,Pace,"Shepard, Chen and Hull",Anaburgh,Samoa,(420)648-1445,512901845,roachnathaniel@woods.org,28/04/2021,http://www.powell.com/
277,b2cA4DDdfce79Bb,Teresa,Ferguson,"Huffman, Castro and Santos",Lake Jeanette,Papua New Guinea,001-719-900-9973x3222,+1-051-279-2016x18482,kmckinney@kennedy.com,23/10/2020,https://mcgee.org/
278,7d544Ab378aE2cB,Lee,Kerr,Morris-Zimmerman,Mitchellshire,Lesotho,323.113.9824,6192038501,michaela28@rose.biz,13/05/2020,https://bartlett-hoffman.info/
279,DEC2b0A6DeA95CA,Isaac,Haynes,"Holden, Vega and Lindsey",Joelport,Equatorial Guinea,9983620365,+1-194-700-2497x812,johnsonjesse@munoz.com,18/08/2021,http://booth.com/
280,c32DABf7aee37b7,Cameron,Santos,Powell LLC,Wallmouth,Norway,491-374-0866x78623,741-758-4841x170,lmaddox@best-gonzalez.com,15/03/2021,http://www.rowland.com/
281,3ebd7b57fe711D5,Peggy,Stewart,Wiggins LLC,Cesarchester,Malawi,+1-395-061-8553x774,(766)151-7296x976,mcamacho@morrison.biz,21/07/2020,http://drake.com/
282,F38AeFeeD3Cd31C,Gail,Mullen,Riggs-Rocha,West Marvinmouth,Antigua and Barbuda,8030011030,537-809-0785,tonyasherman@gentry.net,14/09/2021,https://www.quinn.com/
283,3EACCCdaBEB3C9b,Sarah,Hooper,Miller Ltd,Cannonborough,Morocco,(781)499-6949,001-145-093-5539x7753,dlloyd@bowen.org,09/05/2020,http://www.carter.com/
284,CC18bA67CBDF1d8,Brendan,Vang,Freeman-Herman,Hughesshire,British Indian Ocean Territory (Chagos Archipelago),(335)723-9115x77194,9668846235,kgomez@simon-lozano.biz,01/04/2021,http://www.villanueva-mercado.com/
285,8C7c01fA74cDe2d,Marie,Villanueva,Alexander PLC,Kennedyport,Afghanistan,(168)579-5055,533.396.9858x558,charlene58@whitaker.com,13/02/2021,https://www.dudley.org/
286,B880781C2adBbcc,Nichole,Taylor,Mcintyre-Schmidt,Sloanmouth,Gabon,001-627-969-1272x2452,001-760-642-0365x2671,mossjody@singh.com,27/01/2022,http://hebert.org/
287,aadeafcE9cAfa37,Ross,Pitts,Wheeler PLC,Lake Cole,Estonia,175.391.3609,001-831-939-6219x8325,tomdyer@mcknight.com,05/02/2020,http://www.mullins.com/
288,e0C3cB2dD44C44A,Caitlyn,Rocha,Mcclain Group,South Robertaville,Jordan,122-531-5478x371,789.411.1008x925,daltonpark@chaney.com,09/05/2021,http://www.gamble.com/
289,5CbeFEa4aAb94E7,Reginald,Conner,Vargas-Mcfarland,Port Amberview,South Africa,001-687-699-4667x1707,427.248.2392,jmoran@young.com,27/12/2021,http://melendez.com/
290,b165bB8dA36708c,Tanner,Howe,"Lam, Merritt and Hull",New Teresa,Tunisia,001-181-815-3622x8186,(354)253-2691,maxbonilla@dorsey.biz,18/04/2021,https://www.ballard.com/
291,87AC0eE4bEd21d7,Adrian,Novak,Mckay LLC,Hollandburgh,Israel,+1-280-713-1734x61131,843-028-3035,alexandrews@dalton.com,10/04/2020,http://www.underwood-mahoney.com/
292,Db6af2c1fC2d8Ec,Brenda,Franco,"Mckinney, Wolf and Reilly",Beanport,Kyrgyz Republic,241-410-8600x230,(158)245-1825x18940,rshaffer@nelson.net,15/02/2020,http://www.lynn.com/
293,386336f7Bf0cFeb,Brendan,Shepherd,Shaw-Erickson,Spearsburgh,Norway,308.763.6001x55424,001-436-623-9937x3019,vvazquez@le-flowers.info,09/04/2021,https://www.neal.biz/
294,0A0F4959fe969C1,Loretta,Austin,Kline Group,South Lawrenceshire,Ghana,001-259-094-6329,(115)889-4285x862,heidichaney@shaw.com,24/03/2022,http://hammond.info/
295,d3f7D554eDab9Cc,Kerry,Wolfe,Phillips-Humphrey,Burnettton,Suriname,-1755,+1-201-722-4234x4961,shenry@browning-wiley.com,14/09/2021,https://www.sharp.com/
296,fda475F702BCB87,Rick,Craig,Hatfield-Gross,Port Sherry,Angola,(181)412-9832,001-139-871-2309x667,dschultz@zimmerman.com,31/01/2021,https://santos.net/
297,7DED2d56cCE32B6,Nina,Chandler,Smith Group,Montgomeryton,Belarus,-9252,935-214-4315,danielle21@baxter-cervantes.com,11/04/2021,https://glass-arroyo.biz/
298,8fF0cc02DcDAe49,Stacy,Todd,Rich-Baird,New Emilyhaven,Nauru,665.781.7038x0360,(144)211-3391x10275,xspencer@hartman-lynn.com,12/09/2020,http://www.oneal.com/
299,aEcbd534aFbF000,Hailey,Meyer,Willis LLC,East Nicholasberg,Antigua and Barbuda,552.010.2818x6574,095-180-8674x062,bradjones@sellers.com,21/04/2020,https://www.wu-garcia.org/
300,ab7b9af7845383b,Marcia,Williamson,Middleton-Miles,Sheppardside,Uganda,001-518-965-8457x2471,56894121,parsonsmarissa@arroyo.com,29/12/2021,https://mcmillan.com/
301,Ad08acef67BDd56,Kristy,Norris,Mayo-Macias,Maddenton,Reunion,-2270,470.615.6305,hvalentine@gonzalez.com,17/05/2020,https://osborne.com/
302,15fD12FEafe4EBb,Andre,Montoya,Bryant Group,Sanchezbury,Germany,001-850-076-4516x5992,273.934.4421x062,carneymalik@allen-bullock.com,09/10/2021,http://wang.com/
303,2DE10a22E9ec4fF,Cristian,Yang,Gordon Group,Neilfurt,South Georgia and the South Sandwich Islands,(103)505-8871,+1-891-727-5690x112,destiny21@goodwin.com,29/09/2021,http://www.gilbert.com/
304,8CaEb1fdd630530,Kristie,Nelson,"Hickman, Shields and Trevino",Lake Dan,Macedonia,521-647-8093x936,454-183-8983,joypacheco@haney.net,20/04/2020,http://bradley-wiley.org/
305,6acd5c1f451BF6a,Cheyenne,Holt,Vang-Sheppard,Ronniemouth,Guinea-Bissau,9361228834,-5971,swhite@tyler-novak.biz,06/04/2021,https://www.cabrera.com/
306,e0BcfED661F841A,Glenda,Chan,"Butler, Woodward and Weiss",Harrellbury,Tunisia,098-741-2207x8499,+1-564-825-3794x733,devin86@shannon.info,21/10/2020,http://meza-hoover.info/
307,635d2EeEbCe4FC3,Louis,Reid,Patel Group,West Audrey,Seychelles,(668)138-9205x9806,(485)336-7423x75296,mcunningham@hinton.com,20/05/2020,https://www.huerta.biz/
308,4daA324b996F4Ad,Kerri,Vang,"Hubbard, Davies and Forbes",Lake Valerie,Reunion,(279)971-3041x765,286.910.9381,barrycompton@bates.com,02/07/2020,https://www.love-walsh.com/
309,CFACBcceD8c9Fa6,Dustin,Gonzales,Powers PLC,Leahview,Cambodia,708.285.6439x0630,001-731-473-6607x063,ahancock@osborn-welch.info,21/10/2020,http://joseph-mercer.biz/
310,4Dd48cee3B803Cd,Allison,Lindsey,"Hodges, Ayala and Krause",Port Kristie,Suriname,001-157-517-4258x90625,(392)331-0636x40828,sarah08@merritt.com,21/02/2021,https://www.pruitt.com/
311,B6dBe4B4cDAE63c,Lee,Glenn,Barker-Madden,Port Todd,Solomon Islands,+1-126-897-7889x0892,(662)087-3378,gallowayhayden@garrett.net,24/04/2021,http://www.craig-holland.com/
312,9c4f8e037E5b1fD,Jill,Reese,Skinner Inc,South Sherri,Bahamas,+1-715-508-0674x6704,243-969-3526x9348,sanchezbrittney@wu-deleon.com,19/04/2020,http://www.klein.info/
313,F0C383a1abA1BEe,Suzanne,Molina,"Walls, Huynh and Chen",Baileytown,Mexico,630-776-9372,001-853-732-2049,mosleyrose@parrish-marquez.com,01/01/2022,https://www.sanders.com/
314,fCA8c7Dc699Ccfa,Neil,Prince,Riggs-Schaefer,South Todd,Burkina Faso,259-984-2751x93131,115-142-8911x6418,beckyrusso@mcneil.com,13/04/2021,http://kemp.net/
315,b5dDD7de83DFfD4,Kayla,Dunlap,Cowan-Burch,Daisychester,Antigua and Barbuda,001-815-538-8590x317,472978225,joyce45@melton.com,06/05/2020,http://www.saunders-mata.com/
316,F86F6a5fE48aE2E,Jesus,Good,Whitney-Cain,New Caitlyn,Singapore,(376)113-5128x0596,(974)608-0701,kanekaitlyn@hobbs.biz,21/12/2020,http://www.clark-zuniga.net/
317,Ad5cccEe6bAF3B1,Betty,Rowe,Stafford-Hodges,North Sierra,Pakistan,(137)780-5624,+1-823-706-0574x830,omontes@osborn.com,01/11/2020,http://schneider.com/
318,a21716E1A3599cf,Randy,Schneider,"Schaefer, King and Wilcox",Jakebury,Bahrain,642-690-6741x4414,-2397,wallersandy@dickson.info,05/02/2021,https://reynolds.com/
319,e7E1dab42383BAd,Jacob,Mullen,Ortiz Inc,Daisyview,Malawi,001-282-604-7223x85346,866-402-6283,erikalee@logan.com,18/08/2020,http://perry.org/
320,Ae1654f95EA5ce2,Ellen,Reilly,"Buck, Mata and Russo",New Xavierville,Venezuela,-3983,376-676-8609,tracie55@carson-copeland.net,28/10/2021,http://french.com/
321,0aA11143A7aCc3a,Marvin,Banks,Brock Inc,Port Javierchester,Central African Republic,709.580.6717,493-142-8035,claire47@chung.com,01/08/2020,https://www.parrish.org/
322,deAfE8eA6f4DC23,Ross,Tyler,Humphrey Group,Alishaport,United States of America,454.234.0678,001-445-519-2875x78565,margaret78@bird.com,10/05/2022,http://www.paul.com/
323,b2c2cae5E47fBB8,Breanna,Austin,Dillon-Mckee,South Rogerberg,Eritrea,001-970-528-8298x1651,+1-041-648-4536x83088,qdaniels@bauer.org,28/06/2020,http://www.norton-roy.net/
324,E8e21A26A6dEEDf,Sylvia,Franklin,"Faulkner, Booth and Carson",South Jacquelinetown,Cameroon,104.105.9918x78873,381.684.2303,joycecoffey@buckley.com,13/03/2020,https://www.cruz.com/
325,78980dc0Aeb2eBC,Nicolas,Newman,Terry-Bowers,West Edwinshire,Liechtenstein,162-947-1097,(201)404-7847x62011,hurleyjoan@velasquez.info,22/05/2022,http://www.blair-robles.com/
326,CBd924Aabab0E8A,Evan,Armstrong,Barajas PLC,Port Theresafurt,Cote d'Ivoire,480.035.2257x4615,001-632-340-5535x5716,lfletcher@shaffer.com,08/04/2020,https://rubio.net/
327,EbFB3EF95BebE1c,Rodney,Jackson,"Coleman, Wolf and Mcgrath",Nathanmouth,Vietnam,(856)344-9292x2336,001-871-511-2613,howelldarlene@downs-gamble.info,13/02/2021,https://hudson.com/
328,fFc4Fa5DcE7Da19,Katie,Campos,Vance-Mack,Berrybury,Nigeria,128.887.3811x6227,+1-450-515-0997x7970,patrick29@dunn-petersen.com,08/03/2020,https://bernard-vega.biz/
329,052B1849975D052,Gene,Lester,Bentley Inc,Port Bernard,Bouvet Island (Bouvetoya),980.819.9232x559,+1-672-114-4496x395,theodoredurham@snow.info,21/04/2021,http://mclaughlin.com/
330,b6EA3F1e1aDdAED,Loretta,Rodriguez,Clay-Taylor,Madelinestad,Israel,001-694-574-1685,001-809-249-8202x482,rosedakota@snyder-taylor.com,13/10/2020,http://www.sandoval-chavez.com/
331,a3Cdc9Cf1dDD3A0,Marilyn,Lindsey,Weaver Inc,North Fernando,Togo,+1-629-872-3372x125,(029)185-2428,bobbylove@morrow.com,19/02/2021,http://herman.net/
332,a251e02D7b24d45,Brittany,Powell,Austin PLC,North Dustinland,Aruba,+1-795-854-1522x94557,915.536.3828x347,qmeyer@rhodes.com,15/09/2021,http://www.crosby-padilla.com/
333,8bb8BDBB21dCCb0,Cole,Gaines,"Lane, Guzman and Knight",Rileyhaven,Guam,274-923-3009x37401,556.987.1718,ngibbs@bender-norman.com,14/01/2021,https://levy.net/
334,BbD80ab91ac5Ae4,Eddie,Delacruz,Rogers Inc,New Katie,Libyan Arab Jamahiriya,+1-330-040-3628x07916,(379)344-5794x60656,craigstewart@clayton.org,15/03/2021,https://www.kirby.com/
335,f169b5540fEfd4a,Lydia,Sanford,Hansen Group,Hannahshire,Svalbard & Jan Mayen Islands,(211)016-2014x6937,778-761-4155x1888,brewerdan@morales-harrison.net,06/12/2020,http://www.suarez-duke.info/
336,f9D4Ae2FD3a10c9,Philip,Keith,Patton Ltd,Joberg,Jamaica,(410)764-5334x736,001-832-093-4766,kayleeevans@gilmore.com,24/03/2021,https://www.macdonald-lee.biz/
337,0d8D6Fc31C62F35,Judith,Trevino,Richmond-Ferguson,Humphreyview,India,028-941-4088x264,001-386-614-9079x87090,greg07@clayton.info,20/09/2021,http://chavez.com/
338,24eA5dA49AEFE7b,Denise,Davila,"Dawson, Prince and Peterson",North Pam,Iran,(870)938-2132,331.575.9750,miguel61@kramer.info,14/07/2021,http://stark.com/
339,DF5Ac30307FDcf2,Cory,Valenzuela,Cordova and Sons,North Christine,United Arab Emirates,+1-925-226-4091x849,+1-510-940-2900x828,swansonbrendan@sheppard.com,18/07/2020,https://www.proctor.com/
340,740F48d9F64580B,Steven,Coffey,Nixon-Booker,East Sarahland,Moldova,+1-030-592-0037x935,+1-606-651-7011x44739,moyerkatie@wheeler-adams.biz,24/03/2020,http://moses.info/
341,d0D7963DEA28098,Lee,Singleton,"Strong, Sparks and Ritter",Aaronfort,Marshall Islands,6329901244,+1-372-628-8783x375,mindy49@rich-reeves.info,18/06/2020,https://www.hess.org/
342,04A6AcD129C78B3,Virginia,Robbins,Burns-Mckenzie,Oliviashire,Denmark,-10484,+1-023-553-2657x2363,ghouston@patrick.com,27/05/2020,http://jefferson-glenn.com/
343,E774EA7b30DDBa8,Ross,Hardin,Rogers and Sons,South Ricky,Mauritius,5692237498,001-840-038-7540x9523,lwelch@dickson.com,21/12/2020,https://www.evans.com/
344,2afdAEC9179E2d8,George,Bridges,"Berg, Fitzgerald and Hancock",Port Jacob,Isle of Man,(612)105-4876,001-456-671-1688x3525,morgan66@pennington-james.com,18/10/2020,http://www.herrera-franklin.com/
345,C854474D7A7c3fe,Dawn,Hoffman,Ruiz PLC,Mooreville,Dominica,736-973-9347x3355,001-151-384-4375,baileycoleman@kelly-robertson.com,20/04/2020,https://www.robles.net/
346,Ab8aeE8F94B2CDF,Angie,Rosales,"Grant, Terry and Macdonald",New Seth,Montserrat,906.056.3043x542,9287767873,brian89@quinn-ballard.com,01/03/2022,https://www.ponce.com/
347,EcCec8dDeC8333F,Connie,Hatfield,Beard and Sons,New Andre,Niger,636-196-3589,001-566-991-6215x00203,saunderscalvin@house.com,09/03/2021,https://www.erickson-key.biz/
348,D4f7382efE51Fa0,Amber,Riggs,Rosales-Douglas,Mayfurt,Nigeria,729.091.4787x00185,877.782.5179x167,sbrandt@mccann-hart.com,14/06/2020,https://www.montes-bentley.info/
349,fbaD11eBcB629FB,Helen,Day,Villarreal-Best,Woodtown,Christmas Island,(313)923-9460x21693,+1-841-301-0201x23337,joanna48@merritt-gillespie.com,26/09/2020,https://wallace-kramer.com/
350,94B95a6C1Dac90f,Jacob,Bates,"Meza, Arnold and Schmitt",Port Gavin,Guinea,085-819-4747,362-532-2832x0483,perrypowell@hull.com,11/03/2020,http://www.grimes.com/
351,6Be3Cde60FfC769,Rachel,Garza,"Cordova, Conrad and Boyd",Candicefurt,Guadeloupe,195-552-7451,1521997944,gordonlynn@zuniga-barker.net,13/08/2020,https://www.merritt.com/
352,aFaeB3eE58c6Cf7,Judy,Page,Pham Ltd,Kennedyland,Bulgaria,(439)551-6947x8283,073-218-9423,jacksonhebert@alexander.org,24/04/2022,https://schwartz.org/
353,dF8E0f0da4EA026,Connie,Paul,Alvarez Ltd,Hoovertown,France,008.206.4106x64503,+1-692-267-9139x946,faulknergeorge@molina.net,07/05/2020,https://www.andrews.com/
354,F1D1ddC8eCE50d8,Philip,Branch,Baxter Inc,Lake Taramouth,Anguilla,178-693-1563x82026,633.245.8438,adrienne28@howell.com,02/02/2020,https://www.flynn.net/
355,bB12cbD4BD1eef3,Jocelyn,Coffey,"Torres, Hester and Joyce",Donnahaven,Mongolia,045-474-2244x879,001-111-658-6968x914,brent08@jacobson.com,02/04/2022,https://willis.com/
356,13F777DAd1C18fd,Raymond,Stewart,"Dickerson, Dickerson and Costa",Karenport,Kazakhstan,539-080-9311,805.920.3685,kevin23@schwartz.com,09/03/2020,https://www.phelps.com/
357,a2a0BfaBb0B9c1f,Stacie,Becker,"Ross, Burton and Green",Ianport,Tuvalu,999-087-2825x7560,001-729-170-1616x75344,desireemcneil@fitzgerald-irwin.com,03/02/2022,http://simon.info/
358,0154Ab7AaA3FAfF,Jeffery,Davidson,Higgins-Beasley,Stephensbury,Burundi,(948)307-7123,+1-671-798-0556x939,tapiadorothy@blankenship-bullock.net,27/06/2020,http://www.mckay-knight.com/
359,Ad144c6Ee0cbbED,Ivan,Allen,Barron Inc,Port Selena,Fiji,478-288-2966x4661,111-398-3703,tyronejones@wolfe-pittman.com,13/04/2021,https://wilkerson-travis.com/
360,c71245A745bDaae,Johnathan,Vasquez,"Roy, Bishop and Molina",Edwinshire,Honduras,7441638112,001-041-094-2578x164,curtisvelazquez@nelson.biz,25/03/2021,http://hayden.com/
361,Fb0a95dDB2BE9a9,Shelly,Romero,"Valentine, Gillespie and Lucas",West Adrian,Finland,827-062-0720x1943,+1-121-159-0746x9993,mbradford@montes.com,31/07/2020,https://gibbs.com/
362,DC01AfF8f85dD1f,Colin,Hurley,"Hendrix, Stafford and Mendoza",Fordland,Ukraine,+1-925-956-8159x1221,+1-076-852-9334x538,phillipshannon@vega.com,10/08/2020,https://yu-sosa.biz/
363,D8fc451dcE6ACd7,Jessica,Bates,Best LLC,Deanburgh,Serbia,001-888-557-1155,672-941-2961,mandypacheco@estes-leach.com,17/04/2020,http://page-zavala.biz/
364,a2af5BfAdbb6acf,Billy,Lowery,Macdonald-Liu,Fitzgeraldland,Sao Tome and Principe,(245)742-6864,957-463-3101x349,kristinereilly@sellers-acevedo.com,10/01/2021,https://www.jarvis.biz/
365,406cd6bC0Dec7AC,Cristina,Ramos,Gilmore-Prince,Sellersburgh,Moldova,(491)035-8344,+1-312-142-0119x4393,kruegerbilly@zhang.com,01/02/2020,https://www.walters.com/
366,E0e8f611DBaE5c9,Javier,Bolton,"White, Ali and Walters",Goodtown,Malta,-7337,(361)106-4435,ununez@stuart.net,05/04/2020,http://donovan-shaw.biz/
367,4C7362bD7De4E08,Dillon,Chan,"Macias, Ponce and Fleming",Bateschester,Tonga,(606)125-8486x73404,(470)515-1605x85314,zacharyhardy@lawrence.com,02/02/2022,https://lang.biz/
368,F6088Fdbf7Df24a,Joe,Greene,Koch Inc,South Erinfurt,Russian Federation,(714)129-3344x24249,(412)285-7638x56786,daryl61@beltran-gutierrez.net,01/07/2021,http://www.hardy.com/
369,Cf9A5C2Dde3958d,Rhonda,Walls,Velasquez-Guerrero,Alimouth,Latvia,001-007-751-1171x5592,001-753-340-5311x1471,omar17@gentry.org,22/12/2021,http://parks.org/
370,4a2Bf0d4854a8Ea,Shawna,Lowe,Woodward LLC,Dustinland,Hungary,001-963-071-0644x74478,(810)484-1106,qduffy@reilly.org,06/02/2022,https://mcclain.biz/
371,a259F0278f74fc8,Garrett,David,"Kennedy, Tate and Maldonado",Cliffordfurt,Grenada,974.077.4863x21497,(568)574-0021x837,awerner@carr.com,17/01/2022,http://dean.com/
372,fBC5F8D9284CfAc,Gene,Johnson,Lloyd-Jarvis,Benjaminville,Bulgaria,+1-167-415-9424x38421,(766)341-3374x88176,kari58@burnett-cruz.biz,09/09/2020,https://www.parsons.com/
373,A29FbF680A388E7,Paige,Carey,Koch Group,East Louis,Bosnia and Herzegovina,987.803.6924x85257,001-540-689-6367x97972,jane20@graves.org,24/09/2020,https://www.oneill.com/
374,39Dae36DEe6f6dB,Bob,Hartman,Crane-Kelly,Brayburgh,Colombia,493-878-7580x31939,001-604-944-0268,calvin79@guerra.org,26/08/2021,http://fletcher.com/
375,B9E1A2EF030B1c8,Lydia,Rhodes,Bates Ltd,Lancemouth,Uruguay,490-159-9835x603,053.282.7472,dboyd@winters.info,29/11/2021,https://larson-foley.com/
376,4eA5F17b1bBa29d,Malik,Arias,Stokes LLC,Tarachester,Iraq,001-101-842-3429x5319,001-807-017-8927x31114,sheenafarley@strong-wiggins.biz,06/05/2021,http://www.costa.net/
377,0F5Fc47ad7eFB6A,Dylan,Lester,Underwood PLC,Jakeport,Monaco,912.159.2213x222,441.542.0012x23821,jenningskerri@freeman-morrow.com,30/05/2020,https://www.merritt.com/
378,D5fcCF33F3EDc5e,Monique,Mosley,"Dickson, Beck and Perkins",Cynthiahaven,Czech Republic,+1-534-836-8337x567,+1-264-494-0393x47083,reginaldbarker@odonnell-miranda.com,30/05/2021,https://www.stout-greer.org/
379,7C06c06d851c9DE,Gloria,Salas,"Grimes, Case and May",Donaldsonmouth,Libyan Arab Jamahiriya,001-791-355-4006x38238,(286)325-5279x6393,stacieingram@hubbard.net,23/04/2020,http://www.macdonald-fletcher.net/
380,BD0cFdc5967ffAa,Doris,Mays,Klein PLC,Gloverborough,Venezuela,001-957-997-3392x611,485.748.7615x36512,jimdalton@bowers-hickman.com,12/12/2020,https://www.scott-thomas.net/
381,Dbf6C8FC16ef358,Anthony,Mccormick,"Oconnell, Reilly and Reed",Boothburgh,Guinea-Bissau,5639770578,001-801-160-3370x597,glenn74@blair.com,17/12/2020,https://ward-benton.com/
382,eF2BA675D3964A8,Krystal,Alvarado,Morse Ltd,Davidsonburgh,United Kingdom,(080)118-2327,880.668.4025x07909,woodardaimee@frost.com,25/06/2020,http://reese.net/
383,CBAeAbC2aa12dAf,Victor,Boyle,Holloway Ltd,Nathanielstad,Dominican Republic,856.060.2386,597.223.9397,judy87@russell.org,22/10/2020,http://www.blair.com/
384,dCF3cA952EaC2e2,Bryan,Reilly,Hernandez Group,Kaiserchester,Montserrat,+1-099-566-9970x166,001-248-585-7334,wendycox@terrell.com,22/12/2021,http://roy.com/
385,4D43bD656B016Fb,Leon,Craig,Kelly-Mcdaniel,East Ambermouth,Uganda,964-264-1003x0990,012.254.4189,isaacrivas@jefferson-hall.biz,30/05/2021,http://www.abbott-ali.net/
386,A8Fb7f2B381b6ee,Judy,Marks,"Baker, Fox and Shannon",Annamouth,Holy See (Vatican City State),460-567-5662x13221,001-372-315-9326x5437,justin74@wilkerson.com,02/08/2021,http://www.hobbs.com/
387,fF77307Aaebc1c6,Tracie,Green,Parrish-Hanna,East Debrafurt,Lao People's Democratic Republic,503.311.8030,319.462.9224,zcannon@hardin-hunt.com,27/03/2020,https://caldwell-calderon.com/
388,7E5bbCbfE264c7A,Cory,Gibbs,Mckenzie PLC,Rileyland,Turkey,001-835-323-8973x11700,001-871-922-5967x932,belindahaynes@kane.com,02/02/2022,http://www.sparks-randolph.com/
389,BA066521F23216E,Steven,Garrett,Owens-Sexton,Port Devin,Lao People's Democratic Republic,337.391.1009,001-862-699-4766,hesterchristian@holloway-pollard.com,21/10/2021,https://gonzalez-ortiz.net/
390,ffEa025f98fffDE,Jaime,Walter,Noble-Blackburn,Noahburgh,Lebanon,081-563-0061x2396,(945)475-2200x504,jeremy83@swanson-stuart.com,18/06/2020,http://www.richards-obrien.com/
391,F71e3e6Dc0B3aFA,Katie,Cannon,"Jensen, Hickman and Mccoy",West Tracie,Norway,362.643.8538,211-546-7754,sbaker@fletcher.com,24/02/2021,http://norman-allison.biz/
392,d7EBbCdC90fA43a,Vicki,Watts,Boyd-Vance,Christinashire,Bahamas,(645)427-1383,+1-919-307-7333x8148,juan98@swanson.com,04/04/2020,https://www.solis-koch.biz/
393,2341B3E969E6548,Kaylee,Walker,Hamilton-Humphrey,Bauerborough,Nepal,001-035-287-6227x3420,777.033.1357x1317,jeremynguyen@green-brennan.org,04/04/2021,https://www.allison.com/
394,DE3FbAfDDA59b4c,Diane,Webster,Moss and Sons,East Colinburgh,Mauritius,091.506.7198x59168,1352554638,alejandra24@lamb.com,26/04/2020,https://www.cameron.com/
395,f8366fc5Bed5cA8,Karina,Barber,Pruitt-Bonilla,New Kelseymouth,Andorra,001-879-375-4510x81502,+1-409-653-1761x295,omeyer@santos.com,17/07/2020,https://www.heath.com/
396,bea1eDeCb395B88,Ana,Davidson,"Frye, Landry and Valdez",North Shelley,Hungary,643-363-1003x4624,(788)524-8591x913,natalie14@stevenson-evans.com,14/07/2021,https://www.garner-walters.biz/
397,4CBC2cff2ea7cb3,Gordon,Blake,Trujillo-Yoder,Cassiebury,Slovenia,(830)537-0065x15533,+1-578-143-2664x257,keith03@cook-crane.com,24/07/2020,http://www.haney.com/
398,CFB7B1A1C74B3f6,Krista,Hicks,"Woods, Collier and Mckenzie",Port Natasha,United Arab Emirates,(664)289-8471x34093,584.997.1829x9618,lalvarado@shaw-dickson.org,09/04/2020,http://fox.info/
399,b7cb4FE6894df7a,Kyle,Smith,David Ltd,Jaredton,Lesotho,(997)059-1380x7186,(382)903-0498,lampeggy@lutz.com,27/09/2021,https://www.dickson.com/
400,34d3643328645D9,Tonya,Wilcox,"Mills, Benton and Maddox",West Parker,Morocco,001-179-264-9251x21591,410.227.8317x5700,shari83@edwards.org,21/11/2020,http://wagner-valencia.com/
401,FE37a82BFcBD66A,Kari,Petty,Vaughan and Sons,Crawfordshire,Vietnam,+1-962-796-0135x08084,(653)161-1846x426,jane56@mckenzie.biz,13/03/2020,http://howe-brown.com/
402,b1ACEDCA30B6fA3,Ashley,Odonnell,Rice PLC,South Brenda,Albania,8682027058,836-818-8788x2886,olsenkatie@reeves.com,23/11/2021,http://www.case.com/
403,4fFf7dbdEC7df12,Lawrence,Calhoun,"Rose, Santana and Norman",West Mandy,Slovakia (Slovak Republic),091-501-2834x4079,+1-586-921-4988x4576,julian05@wood.com,22/11/2021,http://www.barr.net/
404,5Babd9Ac2f9eaE6,Rhonda,Klein,Frazier and Sons,Adamland,Micronesia,358.682.9941x59107,2004323857,chanjermaine@garrison-house.com,24/03/2021,http://www.sutton.net/
405,b6a2c4C02fAF805,Gene,Mendoza,Blackwell Inc,South Luis,Cayman Islands,283.157.8565x92785,548-136-5589x77108,kristindelgado@mcconnell.com,28/10/2020,https://www.cameron.com/
406,d8bC2cbc97D4dF9,Cameron,Cobb,Delacruz-Roberson,Jennyfort,Bahrain,507.232.0625,+1-034-845-5206x83724,ospencer@watkins.info,03/03/2022,http://www.cantu.com/
407,692861e4cdADB16,Audrey,Hester,"Pennington, Bernard and Li",West Kariview,United States Virgin Islands,(554)155-1840x3088,238737735,agarrett@lopez-maynard.com,26/03/2022,http://www.casey.com/
408,383F3e735FBABb1,Jackson,Walton,Moyer Inc,Garyshire,Congo,001-211-371-9836x0923,100-851-4423,anitaduncan@perkins-poole.com,26/10/2021,http://www.cunningham-grant.com/
409,e1D5fFD9Ce5140c,Jared,Zamora,Mcguire-Richard,New Valerie,China,+1-054-339-3121x61676,690-819-4945x20838,catherine21@kane.com,30/03/2021,http://www.shepherd-giles.net/
410,Efc3d8a4FCd5893,Connor,Thornton,"Conrad, Wallace and Oneal",Carlsonfort,Pakistan,2220364996,(459)518-8772x7721,anthony93@bryant.com,14/07/2020,https://www.chung-petty.com/
411,D9Aae81E9dfDF3c,Kerri,Noble,"Wong, Ashley and Novak",East Andresland,Lesotho,001-399-330-4440x8652,-2983,barberrodney@morales-jacobson.com,17/11/2021,http://www.ford.com/
412,B43F8ddAB78C978,Alyssa,Sanford,Rivera and Sons,South Olivia,Aruba,716.983.1850,396.656.2930,ana16@holloway-barry.com,15/04/2020,https://guerrero.com/
413,E17Ec7bf86D1Ab3,Stefanie,Davis,"Pittman, Glenn and Frost",Jillianfort,Mexico,(468)274-9603,(202)347-7172x94872,haydenbuchanan@melton.com,28/06/2020,https://spears.biz/
414,a8C8f7c5aee2F6c,Erin,Lozano,"Castaneda, Herring and Phelps",South Traceyfurt,Monaco,840-018-7036,001-804-844-6459x8922,gregoryschneider@jacobson.com,03/03/2021,https://buchanan.com/
415,aEabE540cC54d99,Ronald,Calderon,Bird-Morgan,Oliviaside,New Zealand,787-495-7939x392,001-603-6644x22867,kristi76@mack.biz,20/06/2020,http://www.liu.com/
416,1e63b8c59Dcd526,Candice,Fitzgerald,Turner Inc,West Karen,Liechtenstein,4674100634,236-153-5934,gmercado@greer.com,08/01/2021,https://moran.net/
417,EF79fEFa115fdD7,Gwendolyn,Greer,"Robertson, Galloway and Moreno",Draketown,India,001-786-353-4685,472-271-3133,jaimedorsey@coffey-willis.com,03/03/2020,http://www.leonard-johnson.biz/
418,859e8fB5ce0930d,Shirley,Duran,"Mueller, Sosa and Sanford",Blevinsview,Tanzania,(435)266-6365,(305)525-0756x2892,phyllis52@abbott.com,29/11/2020,http://www.cabrera-carney.net/
419,ADb7a1004dd52ae,Isaiah,Cochran,"Chung, Alvarado and Alvarez",Katelynchester,Burkina Faso,(194)133-6357x75488,(182)561-1094x806,hayden56@fitzpatrick.com,27/06/2020,https://www.lutz.com/
420,dEb319AD8eAeDD4,Haley,Ho,Boyd Inc,Kennethtown,Congo,(279)635-6139,014.536.9255x66854,seanweber@martinez.net,27/11/2020,http://clayton.net/
421,A3ee21c7F3e33eA,Jocelyn,Archer,Glover Group,Gilbertfurt,Saint Helena,449-422-5810,+1-322-867-9679x66357,elaine71@morales-shepard.com,07/04/2020,http://www.bryant.com/
422,dCCc4C43eb99e12,Abigail,Nixon,Shea-Mahoney,Neilberg,Cuba,001-245-515-9574x1307,001-555-001-1595x1880,courtneyburke@carey-dodson.com,07/05/2022,https://www.warren.net/
423,5D9F5fDE48C6313,Caitlin,Tapia,Knapp LLC,Contrerasport,Greenland,001-482-131-4840x11554,236-420-9938x608,autumn48@copeland.com,16/09/2021,http://www.shelton.net/
424,0C71BCA495Ef3Cc,Robert,Hardin,Acosta and Sons,East Johnport,Burkina Faso,886.731.6570x714,(960)506-9591x44984,gabriellaboyle@little.org,21/10/2021,http://estrada.com/
425,8Ca6252ABCFb702,Fred,Forbes,"Lowery, Jennings and Choi",West Jermaine,Czech Republic,220.905.3284x6919,500.684.4522x8404,meaganwallace@church.com,31/10/2021,http://odonnell-mueller.net/
426,40fF6dada4F535C,Carly,Patterson,Melendez-Webb,North Olivialand,Lesotho,+1-832-775-5022x7409,398-823-5404x6947,dhaley@brewer.biz,01/04/2021,https://www.harding.com/
427,9A68BED7D515DDf,Brittany,Poole,"Arellano, Kent and Franco",North Rose,Norway,001-291-249-9765x88077,001-832-565-8361x0541,harryhood@levine.com,30/01/2020,http://scott.com/
428,A4bcd80b6ee6d1f,Anne,Howell,"Barnett, Li and Duncan",Lake Carla,Seychelles,-5239,(583)206-4758,tcallahan@schwartz.com,11/01/2021,https://mcbride.info/
429,720cD6Bd3420f0E,Peggy,Olson,Cunningham-Rocha,Maystown,Micronesia,320.122.3853x89679,001-080-082-4440x1364,katie34@jefferson-benton.com,05/01/2022,https://www.shaffer.com/
430,15BDABE8f328eEC,Kristopher,Dougherty,Lucas PLC,Haydenview,Sao Tome and Principe,001-677-954-1110x940,042.833.6651x98429,benitezwyatt@craig.info,13/07/2021,https://russo.net/
431,731943aacCD04DF,Ronnie,Woodward,Stout Group,Manuelville,Mali,949.154.7300,001-679-446-2949x907,adean@blevins.net,01/06/2021,https://moreno-washington.com/
432,e117ECAFc1dD65e,Malik,Merritt,Spencer PLC,West Colleen,Jordan,+1-462-572-9722x0570,766-169-0074x4662,loretta20@middleton.info,18/02/2021,https://www.gates.com/
433,186dea88559a5c9,Thomas,Duffy,"Figueroa, Smith and Baxter",North Sylvia,Germany,+1-260-695-4302x76528,235-891-4864,wgrimes@reyes-prince.com,27/03/2022,https://hinton-robertson.com/
434,E4299cC56D2e3Ef,Willie,Walton,Sawyer-Ross,Braunburgh,Netherlands Antilles,(294)203-7622,-7165,xnielsen@flynn.net,17/08/2021,https://huber-clark.net/
435,7BAFa02866b79a1,Tommy,Mullen,Gonzales-Larson,South Coleburgh,Lithuania,001-525-770-1167x2606,037-106-3564,erocha@franco.com,29/04/2020,https://shaffer.com/
436,b6dE3d4d7AAF3bA,Marisa,Day,"Olsen, Daugherty and Bruce",Shaunport,Niger,907-755-9705,851.834.8811,xodonnell@velasquez.info,14/03/2020,http://www.huynh-skinner.com/
437,F3cdBce8402CdC1,Jane,Mora,"Melton, Barnett and Cooley",Clarkeburgh,South Africa,(361)509-6250x080,(401)866-3212,rebekah62@chung.com,14/01/2021,http://pittman-watkins.com/
438,034b75bbF3aF7f4,Jessica,Flowers,Rowe Ltd,Kevinfort,Belarus,001-417-028-8511x10241,577.641.2492x628,rileychapman@patel-strickland.com,22/12/2020,https://smith.com/
439,6eac3B2849aA71E,Reginald,Adkins,Moran-Woodward,East Debraport,Mali,+1-043-632-4913x46895,583-442-7599,phatfield@christensen.net,01/11/2021,http://cannon.com/
440,cebeA6fa81afd6B,Mark,Romero,Grant PLC,South Terrancestad,Sweden,001-670-965-1833x915,1809008446,janet28@jarvis.com,15/09/2021,http://porter.com/
441,7ce78ef69Fa8f7D,Maurice,Hull,"Sosa, Vaughan and Reynolds",Mccannmouth,Samoa,001-846-732-2966x89833,001-137-643-4828,kirstenrosales@powers-poole.info,28/04/2022,https://www.middleton.biz/
442,48E89DD78cfEba4,Helen,Holland,"Elliott, Clay and Navarro",New Cassiechester,Gambia,(957)158-3870x5473,128-895-5086,melvin10@hall.org,17/10/2020,http://www.drake.net/
443,832FB7BbD191b4A,Pam,Benson,Blackwell-Ingram,Lake Juanland,Hungary,3888342158,792-641-1779x8912,kayla51@snyder.com,09/03/2020,http://www.nicholson.org/
444,cdE14d25BE4f0f3,Adam,Parsons,Bush Inc,Port Jean,Botswana,5616875348,017-183-6270x265,hintonnathaniel@warren-ross.com,05/04/2022,http://www.patel.info/
445,EFb628E276aAceB,Melanie,Callahan,"Russo, Curtis and Leach",East Roger,Congo,601-127-6386x82964,560-338-5692,alyssamann@huang.info,19/10/2021,https://www.collier.com/
446,58EBeFCECCdfEBC,Kelsey,Haynes,"Rollins, Figueroa and Cohen",New Veronicafurt,Gibraltar,680-361-1655x86563,516-588-9201x2254,luis57@richardson.com,24/06/2021,https://www.archer.com/
447,Ccd514db4c0EE49,Cameron,Shea,Good-Reid,Pamelabury,Norway,082.421.7960x8194,-10181,ohorn@vazquez-olsen.net,16/01/2021,http://www.harrell.com/
448,B4a6fEe5Dcc774D,Julie,Pittman,Tate-Watkins,North Christine,Cameroon,247.731.8326,9679745885,gardnerralph@newton-farley.info,20/04/2021,http://www.harvey-giles.org/
449,13C2cAFea6DDFe6,Kristi,Curtis,Rosales and Sons,Lake Jenna,Egypt,+1-964-349-6686x41983,(286)341-9021x29689,burnettsierra@bartlett-decker.com,25/01/2022,http://www.eaton.com/
450,Acd2D54fEFD7B8c,Marisa,Boyer,Sims LLC,East Bill,Cyprus,+1-409-950-0539x55682,+1-393-754-6328x11510,jeffery74@vazquez.net,06/04/2021,https://weeks.com/
451,A0AbF7a154C45BB,Dominic,Petersen,"Pierce, Alexander and Good",Trevorbury,Haiti,534-870-1005,001-683-237-6642,phill@spence.net,25/07/2020,http://phelps.com/
452,2C9E2Af2cFEebC6,Nicolas,Murphy,Lam-Yang,Brandiborough,Marshall Islands,+1-509-182-4757x915,001-424-320-9787x3004,ihunt@madden.org,16/11/2020,http://guerrero.org/
453,BE64FBbCB09a0a8,Blake,Shepherd,Gross Group,New Oscarland,Nauru,+1-933-574-3122x07495,(715)052-0799x963,lorraine57@west.com,12/05/2020,http://www.leblanc.com/
454,5B5d0eC1eCF39e9,Candice,Gibson,"Delacruz, Horne and Richmond",East Sabrinaborough,Azerbaijan,-8545,001-513-461-4602x45962,mwells@robles-foster.biz,25/05/2022,http://www.blake.com/
455,fAD85efBC311DA9,Hayden,Miller,Reed-Stafford,East Nichole,Comoros,-4601,001-679-161-8616x13888,stefaniehoover@monroe.info,17/01/2021,https://key.biz/
456,5BBD3F5daBBCfB7,Cristina,Benjamin,"Farmer, Sutton and Brewer",Brooksbury,Turkmenistan,001-134-153-8671x618,327-203-9487,claytongrant@garner.net,05/01/2022,http://www.poole-gallegos.com/
457,f1124Aa3Daf0EcA,Tonya,Blake,Guerra-Gomez,South Shane,Somalia,279-272-2853,001-538-193-0811x1719,tasha02@strickland.info,04/12/2020,http://www.khan.info/
458,E7Af7CD27E40b76,Mia,Snyder,"Villegas, Jimenez and Lin",Castilloland,Morocco,-10422,600-327-9006x2098,nmccoy@shaw-kane.com,01/10/2021,https://todd-lang.com/
459,1dCF5Bd8E07a9eF,Olivia,Bartlett,Herman-Thornton,Garrettfort,Pitcairn Islands,001-851-489-0599x552,746.918.8290,mcleanchelsea@gutierrez.com,30/11/2021,https://www.alexander-proctor.com/
460,838D5EbEAEa29dc,Emma,Holt,"Stevenson, Lester and Caldwell",New Dillon,Jamaica,001-480-033-6441x2876,(695)014-8346x5911,richard34@bruce-ewing.com,09/04/2022,http://monroe.com/
461,fBd530C062307D5,Clinton,Armstrong,Wells Inc,Port Morganfort,Iceland,001-858-905-0920,001-011-432-3405x072,kari80@hoover.com,21/08/2021,http://gaines-jordan.com/
462,8f012f9a8dCfBcb,Lawrence,Valenzuela,"Park, Underwood and Price",Sierraton,French Southern Territories,847.086.2714x0015,064-411-5713x396,smcclure@chan-gallegos.com,21/06/2020,https://www.ashley.biz/
463,b78D2d0Ff6aAB83,Lynn,Abbott,Elliott and Sons,Marquezstad,Turkey,399.446.2867x451,981-099-7848,tamipena@berg.com,02/08/2021,https://www.pope.com/
464,CB25D856d0D8EDF,Gabrielle,Evans,"Winters, Pruitt and Rivera",Port Gilbert,Mali,403343064,(151)618-0304x22581,marilyn21@walter.com,09/05/2020,https://russo.org/
465,Bf598D0aEad72fc,Madison,Forbes,"Carson, Rowe and Gibbs",Bobmouth,Mongolia,(095)011-9811x93275,-6290,amelton@morton-rich.org,12/05/2022,http://mahoney.com/
466,adA0Fcd85cb0cFB,Glen,Duran,Hughes-Chavez,Douglaston,Guyana,5871496671,2740352418,beverly65@lowery.org,09/05/2021,http://gonzalez-benton.com/
467,f2A9b8fbf185EaC,Omar,Kramer,Mcmillan Ltd,Herbertville,Cameroon,001-047-342-0201x8936,799-887-2712x18563,alexandra08@bush.net,28/06/2021,http://watson.info/
468,c1Ba1B6cACf7f12,Pedro,Prince,"Wyatt, Mcknight and Galloway",West Eduardo,Mayotte,001-976-402-6649,(302)071-9228,kenneth19@harmon-sellers.com,19/01/2022,http://figueroa.com/
469,7510FAE5f39FD97,Zoe,Decker,"Randall, Fitzgerald and Buchanan",Lonniemouth,Guadeloupe,3923603155,(577)208-2362,tapiajon@brown.com,22/08/2021,https://guzman-hunt.com/
470,e012b2DbEd6584B,Tasha,Macias,"Chase, Herrera and Strong",Santiagoview,Liberia,+1-292-627-1110x612,174.943.0332,kylesantana@franco-gibbs.com,07/01/2020,https://myers.info/
471,aba4B3725c41ed4,Tom,Quinn,Vincent PLC,Ivanmouth,British Indian Ocean Territory (Chagos Archipelago),(745)832-5280x46401,045-571-4918,barrettkristine@cummings-velez.com,16/05/2021,https://www.duffy-kane.org/
472,94f54827E3dc1dD,Lori,Estrada,Ray-Bradford,East Rick,Malta,001-294-140-3413,316.608.5588,clifford55@jennings.com,23/10/2021,https://www.fowler.com/
473,B01B75DCb3DBe4a,Micheal,Gordon,Schwartz LLC,North Janetfort,Bermuda,109-184-1132,640.916.2405x3781,chelseygrimes@lindsey.net,14/03/2021,https://odom-wade.info/
474,fA065b74cEeCfF1,Sally,Arnold,Holloway Inc,Port Jermaineville,Holy See (Vatican City State),001-717-446-1971,-5405,portercandace@kidd.com,30/08/2020,http://www.pineda-schroeder.com/
475,C09defC3c37bea1,Neil,Montoya,"Gilmore, Robinson and Lester",New Cody,Lesotho,912.828.8572x182,789-459-2362x338,morgan73@gaines-howard.com,10/07/2021,https://hernandez.com/
476,Fcb572Ae2Dff1ac,Dawn,Ramos,"Evans, Oneal and Oconnor",South Brandy,Syrian Arab Republic,(568)522-1198x238,347-983-3022x79719,stanley20@greer.com,29/05/2022,http://www.dunn.com/
477,eADC1F28Be7cd34,Jeffrey,Key,Casey Ltd,Port Norma,El Salvador,(365)113-2888x0544,-4513,jacob13@mathis.com,07/12/2020,https://newman.com/
478,F85AAEe1Aaf572b,Connor,Fuller,Owens and Sons,Adkinsland,Netherlands,524-956-8420,+1-018-529-6537x6169,javiermaynard@mccann.com,03/01/2021,https://goodwin-bean.com/
479,Baad2b4EF96D7DC,Lucas,Newton,Goodman-Becker,Stuartville,French Southern Territories,-4328,001-558-590-9573x6341,powellcheyenne@perez.biz,12/02/2021,http://www.villa-oneill.com/
480,4cBC8000D2D31ce,Jasmine,Foley,"Richardson, Whitaker and Collins",Santanafurt,Bouvet Island (Bouvetoya),(773)037-0523x35692,2593941163,ballison@bradley.com,16/02/2021,http://www.moody-long.net/
481,62e2ed083cf0827,Sherry,Callahan,Heath LLC,Hardinmouth,United States Virgin Islands,001-067-942-1786x5753,(298)574-6640,berrykerri@hickman-lozano.biz,28/07/2020,https://www.bond.com/
482,34ac0b8fDFb1EA6,Peter,Walter,"Kidd, Burgess and Cervantes",Lesliestad,Timor-Leste,5130482870,670-911-5228x5125,gcollins@kerr.com,02/11/2021,https://neal.com/
483,9bBA73e8C8FcE27,Sierra,Glenn,Tanner PLC,Cameronmouth,Korea,001-076-557-6932x525,705.572.9257x920,whitney26@daniel.com,25/10/2021,http://www.reilly.com/
484,D7361F7E82F143E,Tristan,Deleon,"Savage, Cook and Morse",Watersport,Mali,+1-583-172-0341x894,979-017-5735,escobartommy@paul.com,25/10/2021,http://decker.org/
485,cafe5046f44dea1,Stephen,Wallace,Mcdaniel and Sons,Sarabury,Pakistan,(101)749-0921x736,(918)255-6675x1864,lesliepatterson@ferguson-maynard.org,24/01/2022,https://preston.com/
486,bE9eeD0B7Db1Aca,Julie,Munoz,"Vang, Reese and Nash",North Jasmin,Belarus,710.653.9379x143,(094)646-0255x47078,vincent32@landry-rush.com,30/05/2020,https://duarte-avery.net/
487,b9F434F35Eef5bE,Jo,Reynolds,Weber and Sons,Port Darren,Montenegro,001-605-571-7694x176,+1-023-898-5215x3499,mgarrison@odom-hull.com,30/06/2020,http://copeland.com/
488,D7afcAA91EfFA5A,Evan,Mitchell,House LLC,Jonathontown,Guinea,731.697.8473,001-866-234-4359x5744,garnermisty@osborne.com,02/04/2022,http://www.keith.net/
489,42A18e387e32946,Grant,Sloan,Matthews Inc,Lake Gregg,Antarctica (the territory South of 60 deg S),246-539-1905,-6837,npruitt@farley-campbell.com,08/01/2020,https://tran.net/
490,84b09B83b5e9d6D,Yolanda,Carey,Galloway Inc,Castillofort,France,854-317-2771,(501)039-9836x9249,mccallcarlos@ball.com,04/03/2022,http://stephens-singleton.org/
491,cCf3caCec0Efca1,Austin,Christian,Bolton and Sons,Shelleyhaven,Brazil,(139)516-3729,168-562-6329,grantcowan@johns.com,22/07/2021,https://richards.com/
492,5B493bBcbcBAD91,Chelsey,Burnett,Hatfield-Pineda,Anthonyland,Dominican Republic,(971)332-0778x50370,001-734-930-7969x887,hurleycarly@colon-bowman.com,04/10/2021,https://dudley-rowland.com/
493,9fDCfed6344F19E,Tasha,Orr,Benson PLC,Bakermouth,Aruba,-2959,801-047-8905x68776,ysanford@rowe.com,10/10/2021,http://www.williamson.com/
494,ADd68AB2AAfD8a8,Kara,Roberts,Brown LLC,Coryfurt,Tokelau,(539)199-7657x676,9325383554,bhall@little.com,17/03/2022,http://blankenship.net/
495,b5cAEC1BC76741b,Laurie,Cowan,"Ramos, Pham and Bass",Kristashire,United States Virgin Islands,(257)776-7898x86827,277.321.4128x27379,huberkari@glover.com,23/03/2022,https://campos-hendricks.com/
496,fbBdF441daCF30C,Bernard,Myers,"Baxter, Mullins and Rodgers",North Miguel,Papua New Guinea,001-559-010-6731x57685,(841)338-0703x29801,friedmanpatrick@mccormick.com,12/02/2022,https://franco.info/
497,4cfb1E880732AAC,Teresa,Mitchell,Barnett PLC,Farleybury,Malta,758.379.7228,2938376914,wnoble@preston.com,15/06/2020,http://www.jennings.com/
498,e2f9aEC08e3E253,Blake,Herring,Kelly Inc,East Jaredfort,Lao People's Democratic Republic,(448)650-2849,258-800-9165x1437,murphyjulian@herrera.com,16/12/2020,https://ruiz-walton.com/
499,2e6F6aFF2Ae00e1,Kelsey,Shannon,Potter-Lane,Lake Martha,Malaysia,001-226-916-8675x01787,(907)909-7350x289,brenthart@potter.com,22/04/2020,https://www.osborne.info/
500,4394E4BbeBBa85e,Jorge,Cervantes,"Roberts, Schroeder and Garrett",Garrettberg,Tonga,641.724.6013,179-850-1382x395,allenricardo@calhoun.com,14/05/2021,https://garza.com/
501,c2f705e16fdfCf8,Benjamin,Gallegos,Copeland Inc,Alishafort,Cook Islands,001-672-860-5760x823,(162)785-8988,connorjensen@forbes.info,07/01/2021,https://bird.com/
502,DcDB2fEAe12e4D6,Haley,Walters,Frederick-Roth,Rosstown,Samoa,213.536.5320x7173,277.808.4300x20351,tammieguerra@pineda-peterson.com,21/02/2021,https://ortega-alvarez.com/
503,74D0bD2D2EDF164,Earl,Johnson,Martin Inc,Walterland,Eritrea,(604)589-4444x4460,860-130-6865x489,deborah90@escobar.com,17/05/2020,https://robbins.biz/
504,2265E32C1ee462e,Kristine,Chapman,"Blackburn, Flynn and Jacobson",Oscarville,Gibraltar,(439)822-2381x30664,848-673-4939,anncollins@andrade-summers.com,22/09/2021,https://hogan.com/
505,15Ad2DEb7c4d310,Mark,Dyer,Riddle-Marks,Lake Jody,Montserrat,001-709-279-6706x966,(155)212-6228,njohns@vang.com,06/02/2020,http://roberts.com/
506,401b14Ad4EbC39E,Tracey,Preston,Shah-Serrano,West Judy,Palau,228-977-3440x721,001-433-310-6130x31698,cassandrawhitaker@casey.com,11/04/2022,http://www.hodge.biz/
507,bcEDdA5BeEE86Ae,Chris,Harper,"Irwin, Doyle and Baldwin",Joycefurt,Guernsey,(231)127-7984x1240,(076)968-5226x698,adrianpatel@fischer.biz,18/08/2021,https://www.daniel.com/
508,Ec04AcBD64cBeE1,Savannah,Santos,Perkins-Gross,Port Greggfurt,Czech Republic,(738)519-1226x8144,7321185578,tonya65@mathews.info,10/01/2020,http://www.richards-deleon.com/
509,7Bf2cf300ad54A9,Theresa,Mcguire,Brennan-Mullins,Connorchester,Samoa,001-993-344-8009,983.223.4906x96666,brockjavier@solis.org,01/02/2021,http://golden.biz/
510,68BcBDf12bEC3cc,Sean,West,Galloway LLC,Raymondville,Lesotho,649.548.9642,(999)765-4404x608,riddlekrystal@snyder-avery.org,12/02/2021,https://www.stafford.com/
511,2AC5E7368C1EA91,Jackie,Mack,"Perkins, Moon and Holloway",North Heatherhaven,Aruba,-1571,451-723-8252x9458,brent14@wise.com,27/05/2021,https://www.goodwin.com/
512,0BE230b0B67D7dE,Richard,York,Odom-Arellano,Franklinmouth,Bahrain,(767)262-7969,(475)857-5880,hendersonjacqueline@zamora.com,07/03/2020,https://cabrera-goodman.info/
513,5Cfb4F3DEF8eEdA,Willie,Barrera,Cooper-Ali,East Margaret,Switzerland,+1-234-799-1690x359,593-685-8354,rickpatton@wise.net,13/07/2021,http://donovan-ferguson.net/
514,5dE5A90F61B3BD3,Steve,Valentine,Norris-Rosario,Shepardtown,Costa Rica,(777)699-5015,(545)098-6913x1932,colejulian@black.net,19/11/2021,https://www.short.biz/
515,bFc9D4ca42ac0F6,Beverly,Gay,Gillespie Ltd,Jacobfurt,Anguilla,972-265-1731,190.548.5440x36539,tduffy@jimenez-quinn.org,29/05/2021,https://conley.com/
516,5308489CFfa6fCe,Sylvia,Grant,Macdonald-Andersen,New Ashleyport,Oman,736.576.9972,+1-412-752-1430x550,crawforddamon@tyler-hayden.com,13/02/2021,https://www.bullock.com/
517,58930187Cbb06FB,Ricardo,Baird,Moyer Ltd,Ravenland,Rwanda,-4997,-10296,carlosobrien@berry.info,15/09/2020,http://riley.info/
518,4Ffe5b387c52004,Valerie,Beasley,Salinas PLC,New Tara,Western Sahara,837.827.0930x2745,(925)640-7774x2889,cjenkins@daniels.com,26/03/2022,http://www.calderon.com/
519,B9899D6cA200052,Todd,Stout,Ayers Ltd,Carsonburgh,Saint Vincent and the Grenadines,001-219-560-0398x1534,001-424-729-2641x69881,pamelawallace@house.com,09/08/2020,http://bolton.com/
